amount_y,instructionAction_y,instructionOrder_y,userAddress_y,txSignature,timestamp_y,currencyName_y,currencyAddress_y,senderAddress_y,senderTokenMint_y,receiverAddress_y,amount,instructionAction,instructionOrder,userAddress,timestamp,currencyName,currencyAddress,senderAddress,senderTokenMint,receiverAddress,instructionOrderPair,instructionOrderPair_Entropy,amount_x,instructionAction_x,instructionOrder_x,userAddress_x,timestamp_x,currencyName_x,currencyAddress_x,senderAddress_x,senderTokenMint_x,receiverAddress_x,shareTokenPrice,backupValue,globalId,vaultAuthority,shareTokenMint,depositTokenSymbol,depositTokenCoingeckoId,userAction
289.873767,transfer,0-0,DxMJgeSVoe1cWo1NPExiAsmn83N3bADvkT86dSP1k7WE,271LGVKrAqawVeEx2W5ZYp9LKZcASrVACCcSrGy5V9Qrh2zmgTF9PC6DAjn2VnS745TnNdxM1Td6uopWzC8kbCXD,2022-07-08T03:31:16Z,Raydium,4k3Dyjzvzp8eMZWUXbBCjEvwSkkk59S5iCNLY3QrkX6R,A6XsYxGj9wpqUZG81XwgQJ2zJ3efCbuWSQfnkHqUSmdM,2dNuf4XfF1h2NsZW55XyYBLvtCvv9D3gRdyj6fNpFyFK,A6XsYxGj9wpqUZG81XwgQJ2zJ3efCbuWSQfnkHqUSmdM,878.392855,mintTo,0-2,DxMJgeSVoe1cWo1NPExiAsmn83N3bADvkT86dSP1k7WE,2022-07-08T03:31:16Z,,SoAnGsHVqSyaN4MjWoPCcftC1V6oSeNxLJjF5TXrtuL,,,A6XsYxGj9wpqUZG81XwgQJ2zJ3efCbuWSQfnkHqUSmdM,0-1,0-2,875.39745,transfer,0-1,DxMJgeSVoe1cWo1NPExiAsmn83N3bADvkT86dSP1k7WE,2022-07-08T03:31:16Z,Raydium,4k3Dyjzvzp8eMZWUXbBCjEvwSkkk59S5iCNLY3QrkX6R,A6XsYxGj9wpqUZG81XwgQJ2zJ3efCbuWSQfnkHqUSmdM,BDD8eY4BHddw7hrpXUy1YJdDD4Eavju5KBEV8mW1iUvX,A6XsYxGj9wpqUZG81XwgQJ2zJ3efCbuWSQfnkHqUSmdM,0.9965899028174586,289.873767,mainnet_income_call_ray,A6XsYxGj9wpqUZG81XwgQJ2zJ3efCbuWSQfnkHqUSmdM,SoAnGsHVqSyaN4MjWoPCcftC1V6oSeNxLJjF5TXrtuL,RAY,raydium,EndRound
1421.424444293,transfer,0-0,DxMJgeSVoe1cWo1NPExiAsmn83N3bADvkT86dSP1k7WE,2TbMUcGZSgtmkLthcT9kp8XNbJjJtioQNwb89GrprsopgWcdf666SZtc2NnXf5MyUEYJSzU4q15SRLKTGqHr6k3x,2022-07-08T03:31:16Z,Marinade staked SOL (mSOL),mSoLzYCxHdYgdzU16g5QSh3i5K3z3KZK7ytfqcJm7So,6asST5hurmxJ8uFvh7ZRWkrMfSEzjEAJ4DNR1is3G6eH,CeR66gft7PRuaNxUVrekexGt6PQvsWFcLhrYFmzWzqPZ,6asST5hurmxJ8uFvh7ZRWkrMfSEzjEAJ4DNR1is3G6eH,1071.328214336,mintTo,0-2,DxMJgeSVoe1cWo1NPExiAsmn83N3bADvkT86dSP1k7WE,2022-07-08T03:31:16Z,,6UA3yn28XecAHLTwoCtjfzy3WcyQj1x13bxnH8urUiKt,,,6asST5hurmxJ8uFvh7ZRWkrMfSEzjEAJ4DNR1is3G6eH,0-1,0-2,1204.43984736,transfer,0-1,DxMJgeSVoe1cWo1NPExiAsmn83N3bADvkT86dSP1k7WE,2022-07-08T03:31:16Z,Marinade staked SOL (mSOL),mSoLzYCxHdYgdzU16g5QSh3i5K3z3KZK7ytfqcJm7So,6asST5hurmxJ8uFvh7ZRWkrMfSEzjEAJ4DNR1is3G6eH,2m9b3rmECqQP9aAkwoB3XzXRshPdRrvtDQZ9kDsNofrr,6asST5hurmxJ8uFvh7ZRWkrMfSEzjEAJ4DNR1is3G6eH,1.124249162154757,1421.424444293,mainnet_income_call_marinade,6asST5hurmxJ8uFvh7ZRWkrMfSEzjEAJ4DNR1is3G6eH,6UA3yn28XecAHLTwoCtjfzy3WcyQj1x13bxnH8urUiKt,mSOL,msol,EndRound
1307583.186898839,transfer,0-0,DxMJgeSVoe1cWo1NPExiAsmn83N3bADvkT86dSP1k7WE,2UzYkiBHM4Fvcs1xB8d26t5SCsy9nrT7UakhRGkLpYpBLFnbAKzc7mpJvzr83eYkXS7evDWajEW7rwxCohXseWde,2022-07-08T04:23:16Z,Samoyed Coin,7xKXtg2CW87d97TXJSDpbD5jBkheTqA83TZRuJosgAsU,7zev38J4jebnpACswV8iqjhDK9jsC1MGHtuAE2SPvqeZ,CkKUQRsmNcXGLoazmet3VoYayTADF1r7T47XGbcD6Z6T,7zev38J4jebnpACswV8iqjhDK9jsC1MGHtuAE2SPvqeZ,327331.431607938,mintTo,0-2,DxMJgeSVoe1cWo1NPExiAsmn83N3bADvkT86dSP1k7WE,2022-07-08T04:23:16Z,,9Wtfq4A7nGxQ6c89xhPBj4ipQyj1jeXntPBzDQknhHas,,,7zev38J4jebnpACswV8iqjhDK9jsC1MGHtuAE2SPvqeZ,0-1,0-2,272480.889280168,transfer,0-1,DxMJgeSVoe1cWo1NPExiAsmn83N3bADvkT86dSP1k7WE,2022-07-08T04:23:16Z,Samoyed Coin,7xKXtg2CW87d97TXJSDpbD5jBkheTqA83TZRuJosgAsU,7zev38J4jebnpACswV8iqjhDK9jsC1MGHtuAE2SPvqeZ,2Q6oYUVtqDSL9pqqcuqC1g5LRfHYXtrxP8HMX7SJPhK3,7zev38J4jebnpACswV8iqjhDK9jsC1MGHtuAE2SPvqeZ,0.8324311782149066,1307583.186898839,mainnet_income_call_samo,7zev38J4jebnpACswV8iqjhDK9jsC1MGHtuAE2SPvqeZ,9Wtfq4A7nGxQ6c89xhPBj4ipQyj1jeXntPBzDQknhHas,SAMO,samoyedcoin,EndRound
1062.108313,transfer,0-0,DxMJgeSVoe1cWo1NPExiAsmn83N3bADvkT86dSP1k7WE,2bd5BRji5fp4LXQ1cLnk9EKcGQGUNts6W8eEduCFQFvMRU7XYyaEWmgjCqb6dTPyPXBeVCQfLFUkeqD5a9BLpCYr,2022-07-08T03:30:47Z,,Cvvh8nsKZet59nsDDo3orMa3rZnPWQhpgrMCVcRDRgip,AQRGh6PU7LzDHvvoPNS7wVVQaCBeftw9kVDAnvuEjbs8,HWQn2UdZNzmiPnm8RbuXgeLDnYQGmkw2fJTBD4xso9wD,AQRGh6PU7LzDHvvoPNS7wVVQaCBeftw9kVDAnvuEjbs8,6469.081667,mintTo,0-2,DxMJgeSVoe1cWo1NPExiAsmn83N3bADvkT86dSP1k7WE,2022-07-08T03:30:47Z,,Fw8mw9zNyfngvBYuS2L6XWfvFE8fExQ3apZVw4Ery5oy,,,AQRGh6PU7LzDHvvoPNS7wVVQaCBeftw9kVDAnvuEjbs8,0-1,0-2,4926.411678,transfer,0-1,DxMJgeSVoe1cWo1NPExiAsmn83N3bADvkT86dSP1k7WE,2022-07-08T03:30:47Z,,Cvvh8nsKZet59nsDDo3orMa3rZnPWQhpgrMCVcRDRgip,AQRGh6PU7LzDHvvoPNS7wVVQaCBeftw9kVDAnvuEjbs8,6fTu76NU1rE3nm5G6V9tz4uxSKYisvYg6VfSbR4aTGY5,AQRGh6PU7LzDHvvoPNS7wVVQaCBeftw9kVDAnvuEjbs8,0.7615318420125303,1062.108313,mainnet_income_put_tsUSDC,AQRGh6PU7LzDHvvoPNS7wVVQaCBeftw9kVDAnvuEjbs8,Fw8mw9zNyfngvBYuS2L6XWfvFE8fExQ3apZVw4Ery5oy,tsUSDC,usd-coin,EndRound
53.785625216,transfer,0-0,DxMJgeSVoe1cWo1NPExiAsmn83N3bADvkT86dSP1k7WE,2fsBuMjBKQZMbP4CqU6kQpDR8hTAf9jxAeqsUaJ4hCnTyXn6d2LZ7jHpRZM942znQCJnSeboAaDWGGJ52d6KnJyt,2022-07-08T03:31:16Z,Wrapped SOL,So11111111111111111111111111111111111111112,wJAoeEG2sfQ1xgXUNVVkJ5mCTCw4SLc6oJafDwf6jTf,9gQVba4aPF6nc2Tkv3BZmWrerJRmDSwxpTB6bfAiV97Q,wJAoeEG2sfQ1xgXUNVVkJ5mCTCw4SLc6oJafDwf6jTf,989.33382043,mintTo,0-2,DxMJgeSVoe1cWo1NPExiAsmn83N3bADvkT86dSP1k7WE,2022-07-08T03:31:16Z,,DNa849drqW19uBV5X9ohpJ5brRGzq856gk3HDRqveFrA,,,wJAoeEG2sfQ1xgXUNVVkJ5mCTCw4SLc6oJafDwf6jTf,0-1,0-2,1077.0377,transfer,0-1,DxMJgeSVoe1cWo1NPExiAsmn83N3bADvkT86dSP1k7WE,2022-07-08T03:31:16Z,Wrapped SOL,So11111111111111111111111111111111111111112,wJAoeEG2sfQ1xgXUNVVkJ5mCTCw4SLc6oJafDwf6jTf,H78atVTfdZxnZFw2JBMja24i7ox1RV15TQkBaz74zwmG,wJAoeEG2sfQ1xgXUNVVkJ5mCTCw4SLc6oJafDwf6jTf,1.0886494303124914,53.785625216,mainnet_income_call_sol_high,wJAoeEG2sfQ1xgXUNVVkJ5mCTCw4SLc6oJafDwf6jTf,DNa849drqW19uBV5X9ohpJ5brRGzq856gk3HDRqveFrA,SOL,solana,EndRound
2986.310102,transfer,0-0,DxMJgeSVoe1cWo1NPExiAsmn83N3bADvkT86dSP1k7WE,3CtJKk1y1GVegYxYU5EFZj7an4D8GAgnj6LsWJK42VtbrAfg2VVYTqzredQEFwh3DvHTPF2xWzgjaE2vVK8DKrWU,2022-07-08T03:37:19Z,USD Coin,EPjFWdd5AufqSSqeM2qN1xzybapC8G4wEGGkZwyTDt1v,EA29Xf3HGMtYziw7UKZDUKby7gkoCbXwmiNKwc7z54Ax,G6ZNyhFk1isVfcjgbp1kvWu2e3vcVegMPqyikj4vykU5,EA29Xf3HGMtYziw7UKZDUKby7gkoCbXwmiNKwc7z54Ax,18903.963106,mintTo,0-2,DxMJgeSVoe1cWo1NPExiAsmn83N3bADvkT86dSP1k7WE,2022-07-08T03:37:19Z,,2uTkms42P62dJ7JRaefc1HFkvyBeMP28J6MPmH1gVHoT,,,EA29Xf3HGMtYziw7UKZDUKby7gkoCbXwmiNKwc7z54Ax,0-1,0-2,13868.05,transfer,0-1,DxMJgeSVoe1cWo1NPExiAsmn83N3bADvkT86dSP1k7WE,2022-07-08T03:37:19Z,USD Coin,EPjFWdd5AufqSSqeM2qN1xzybapC8G4wEGGkZwyTDt1v,EA29Xf3HGMtYziw7UKZDUKby7gkoCbXwmiNKwc7z54Ax,6bdyu8oM2VVPLGBPndzHyA4xT1Eg9f72JneGK5AsWuiC,EA29Xf3HGMtYziw7UKZDUKby7gkoCbXwmiNKwc7z54Ax,0.7336054308949834,2986.310102,mainnet_income_put_eth,EA29Xf3HGMtYziw7UKZDUKby7gkoCbXwmiNKwc7z54Ax,2uTkms42P62dJ7JRaefc1HFkvyBeMP28J6MPmH1gVHoT,USDC,usd-coin,EndRound
0.776654,transfer,0-0,DxMJgeSVoe1cWo1NPExiAsmn83N3bADvkT86dSP1k7WE,3J2icC2ywzHN5W1i1WRUNJd9VmKDLHMtQyaJTw1H1t25GUkyByYncBGCjMw34p3byrX5RJEb2hVom7GBxnKJpMw,2022-07-08T03:31:16Z,Wrapped Bitcoin (Sollet),9n4nbM75f5Ui33ZbPYXn59EwSgE8CGsHtAeTH5YFeJ9E,DA1M8mw7GnPNKU9ReANtHPQyuVzKZtsuuSbCyc2uX2du,A57Bn4Sj6o9H3U9wmU9GAvNdyTSS3P1pmkWRkAgNHXLK,DA1M8mw7GnPNKU9ReANtHPQyuVzKZtsuuSbCyc2uX2du,0.314377,mintTo,0-2,DxMJgeSVoe1cWo1NPExiAsmn83N3bADvkT86dSP1k7WE,2022-07-08T03:31:16Z,,3BjcHXvyzMsjmeqE2qFLx45K4XFx3JPiyRnjJiF5MAHt,,,DA1M8mw7GnPNKU9ReANtHPQyuVzKZtsuuSbCyc2uX2du,0-1,0-2,0.355289,transfer,0-1,DxMJgeSVoe1cWo1NPExiAsmn83N3bADvkT86dSP1k7WE,2022-07-08T03:31:16Z,Wrapped Bitcoin (Sollet),9n4nbM75f5Ui33ZbPYXn59EwSgE8CGsHtAeTH5YFeJ9E,DA1M8mw7GnPNKU9ReANtHPQyuVzKZtsuuSbCyc2uX2du,CoTwqYmBBh9jfC6Lnmqj5EUCQjtUtZ2mVkRfFdofjHvR,DA1M8mw7GnPNKU9ReANtHPQyuVzKZtsuuSbCyc2uX2du,1.1301367466449517,0.776654,mainnet_income_call_btc,DA1M8mw7GnPNKU9ReANtHPQyuVzKZtsuuSbCyc2uX2du,3BjcHXvyzMsjmeqE2qFLx45K4XFx3JPiyRnjJiF5MAHt,BTC,bitcoin,EndRound
250.402218,transfer,0-0,DxMJgeSVoe1cWo1NPExiAsmn83N3bADvkT86dSP1k7WE,3Y9JSiz4at4Ca6se1iFBdNCtKvwdteEZ92S9vQNn4iF4LPUSaeik7GDKRzkmAMzptbwbh7r55NwoyuM9athfH3MX,2022-07-08T03:31:12Z,Serum,SRMuApVNdxXokk5GT7XD5cUUgXMBCoAz2LHeuAoKWRt,2P427N5sYcEXvZAZwqNzjXEHsBMESQoLyjNquTSmGPMb,JBPXzHLMDTN3BLACACcBHM1CAfNz2r1s6tUMUhCMgGCZ,2P427N5sYcEXvZAZwqNzjXEHsBMESQoLyjNquTSmGPMb,172.633394,mintTo,0-2,DxMJgeSVoe1cWo1NPExiAsmn83N3bADvkT86dSP1k7WE,2022-07-08T03:31:12Z,,5SLqZSywodLS8ih6U2AAioZrxpgR149hR8SApmCB7r5X,,,2P427N5sYcEXvZAZwqNzjXEHsBMESQoLyjNquTSmGPMb,0-1,0-2,136.583223,transfer,0-1,DxMJgeSVoe1cWo1NPExiAsmn83N3bADvkT86dSP1k7WE,2022-07-08T03:31:12Z,Serum,SRMuApVNdxXokk5GT7XD5cUUgXMBCoAz2LHeuAoKWRt,2P427N5sYcEXvZAZwqNzjXEHsBMESQoLyjNquTSmGPMb,D8MoYYzGNim75PZjvNHTNqUzbowqPhyvZ8j6Cp2E7MFN,2P427N5sYcEXvZAZwqNzjXEHsBMESQoLyjNquTSmGPMb,0.7911749855303198,250.402218,mainnet_income_call_srm,2P427N5sYcEXvZAZwqNzjXEHsBMESQoLyjNquTSmGPMb,5SLqZSywodLS8ih6U2AAioZrxpgR149hR8SApmCB7r5X,SRM,serum,EndRound
66.47477524,transfer,0-0,DxMJgeSVoe1cWo1NPExiAsmn83N3bADvkT86dSP1k7WE,3i4VmWpnUoPfTSTHi3S4vyLbiYPriXAbM5VPL3qkpStn23Gr99vmWBzDNyzP6CKPT3m4kxGRhBhoStYuecHvSaNm,2022-07-08T03:31:17Z,Wrapped Ether (Wormhole),7vfCXTUXx5WJV5JADk17DUJ4ksgau7utNKj4b963voxs,FThcy5XXvab5u3jbA6NjWKdMNiCSV3oY5AAkvEvpa8wp,6n9UCuP8HAvusfTWET5ck7fmyfSis7ND5BXzme59wJsE,FThcy5XXvab5u3jbA6NjWKdMNiCSV3oY5AAkvEvpa8wp,93.126618,mintTo,0-2,DxMJgeSVoe1cWo1NPExiAsmn83N3bADvkT86dSP1k7WE,2022-07-08T03:31:17Z,,GjnoPUjQiEUYWuKAbMax2cM1Eony8Yutc133wuSun9hS,,,FThcy5XXvab5u3jbA6NjWKdMNiCSV3oY5AAkvEvpa8wp,0-1,0-2,101.37677503,transfer,0-1,DxMJgeSVoe1cWo1NPExiAsmn83N3bADvkT86dSP1k7WE,2022-07-08T03:31:17Z,Wrapped Ether (Wormhole),7vfCXTUXx5WJV5JADk17DUJ4ksgau7utNKj4b963voxs,FThcy5XXvab5u3jbA6NjWKdMNiCSV3oY5AAkvEvpa8wp,AmwELF61ZDw6GPY6rjH23KKVwnuA4QzqJa1ZrBHsvezS,FThcy5XXvab5u3jbA6NjWKdMNiCSV3oY5AAkvEvpa8wp,1.0885907510353272,66.47477524,mainnet_income_call_eth,FThcy5XXvab5u3jbA6NjWKdMNiCSV3oY5AAkvEvpa8wp,GjnoPUjQiEUYWuKAbMax2cM1Eony8Yutc133wuSun9hS,ETH,ethereum,EndRound
1.03475747,transfer,0-0,DxMJgeSVoe1cWo1NPExiAsmn83N3bADvkT86dSP1k7WE,3mf9CmuhBuvyaiTrjGCu6N9M7SXbDqWCWeFwCSw9iJxWjbigiwCsDFqAQEq51SM8iXYDcNqFAD5JWhkmTcDGeNAR,2022-07-08T03:31:16Z,,KgV1GvrHQmRBY8sHQQeUKwTm2r2h8t4C8qt12Cw1HVE,5LrULR5w9N1dfnJ9vHnzRkQi9uBL3CkSRWkDGTG6dP1e,GjuooH9o3eSSLEwT9SphcNr2H9FpP7Rzd6TuG1zPZrt2,5LrULR5w9N1dfnJ9vHnzRkQi9uBL3CkSRWkDGTG6dP1e,265.72481764,mintTo,0-2,DxMJgeSVoe1cWo1NPExiAsmn83N3bADvkT86dSP1k7WE,2022-07-08T03:31:16Z,,HLfkEc6E2HEcABaWm3QZSfDvswzXjh1onF9xEzUAtWNS,,,5LrULR5w9N1dfnJ9vHnzRkQi9uBL3CkSRWkDGTG6dP1e,0-1,0-2,286.55574751,transfer,0-1,DxMJgeSVoe1cWo1NPExiAsmn83N3bADvkT86dSP1k7WE,2022-07-08T03:31:16Z,,KgV1GvrHQmRBY8sHQQeUKwTm2r2h8t4C8qt12Cw1HVE,5LrULR5w9N1dfnJ9vHnzRkQi9uBL3CkSRWkDGTG6dP1e,6byKLfS2b1vqW2hLtuc1gA3ryQzeiJzUWRHhhMTQ4Xqe,5LrULR5w9N1dfnJ9vHnzRkQi9uBL3CkSRWkDGTG6dP1e,1.078392865427502,1.03475747,mainnet_income_call_avax,5LrULR5w9N1dfnJ9vHnzRkQi9uBL3CkSRWkDGTG6dP1e,HLfkEc6E2HEcABaWm3QZSfDvswzXjh1onF9xEzUAtWNS,AVAX,avalanche-2,EndRound
0.0,transfer,0-0,DxMJgeSVoe1cWo1NPExiAsmn83N3bADvkT86dSP1k7WE,494JRcr8DxTFpxhDJXAoVVZ4mgG21EwuXRSMoRNhcZukqnaCQmsMapitLGGmpDVkmDxjUV1KMafszRk44GdmpvMy,2022-07-08T03:31:16Z,Wrapped Bitcoin (Sollet),9n4nbM75f5Ui33ZbPYXn59EwSgE8CGsHtAeTH5YFeJ9E,EYwsNSRx49nSitg2e17mr1ArTZ1urFZfPuaC7qLQxoyh,4biyDDBcDhnC4fv2FZAnAAC92wAwYgie7adnEdkcUMWf,EYwsNSRx49nSitg2e17mr1ArTZ1urFZfPuaC7qLQxoyh,0.0,mintTo,0-2,DxMJgeSVoe1cWo1NPExiAsmn83N3bADvkT86dSP1k7WE,2022-07-08T03:31:16Z,,5TMXqdmLGfdbmeWDQ1BxZ16xxTcHTA766gnojnS1Cx2g,,,EYwsNSRx49nSitg2e17mr1ArTZ1urFZfPuaC7qLQxoyh,0-1,0-2,0.0,transfer,0-1,DxMJgeSVoe1cWo1NPExiAsmn83N3bADvkT86dSP1k7WE,2022-07-08T03:31:16Z,Wrapped Bitcoin (Sollet),9n4nbM75f5Ui33ZbPYXn59EwSgE8CGsHtAeTH5YFeJ9E,EYwsNSRx49nSitg2e17mr1ArTZ1urFZfPuaC7qLQxoyh,5hkZ5AdvU98Ngx9YEfYNEjnEJ2RTGbaU3yTsvxnxtpMv,EYwsNSRx49nSitg2e17mr1ArTZ1urFZfPuaC7qLQxoyh,,0.0,mainnet_income_call_btc_step_circuits,EYwsNSRx49nSitg2e17mr1ArTZ1urFZfPuaC7qLQxoyh,5TMXqdmLGfdbmeWDQ1BxZ16xxTcHTA766gnojnS1Cx2g,BTC,bitcoin,EndRound
114.849298174,transfer,0-0,DxMJgeSVoe1cWo1NPExiAsmn83N3bADvkT86dSP1k7WE,4DJUXXCHUydLHvjmn8dvVgQNJHGJWd3CdKfC1tnwJu8wMP731syW7Jr5YuZ2HbMh5UXxDGGFhxGKfsBUURaWcB6R,2022-07-08T03:30:46Z,Socean staked SOL,5oVNBeEEQvYi1cX3ir8Dx5n1P7pdxydbGF2X4TxVusJm,A5MpyajTy6hdsg3S2em5ukcgY1ZBhxTxEKv8BgHajv1A,7sp9EGacXqxNswsiS4hajmA7tXTjc8niBb7P1Gouq916,A5MpyajTy6hdsg3S2em5ukcgY1ZBhxTxEKv8BgHajv1A,36.359088094,mintTo,0-2,DxMJgeSVoe1cWo1NPExiAsmn83N3bADvkT86dSP1k7WE,2022-07-08T03:30:46Z,,5VmdHqvRMbXivuC34w4Hux9zb1y9moiBEQmXDrTR1kV,,,A5MpyajTy6hdsg3S2em5ukcgY1ZBhxTxEKv8BgHajv1A,0-1,0-2,39.784150189,transfer,0-1,DxMJgeSVoe1cWo1NPExiAsmn83N3bADvkT86dSP1k7WE,2022-07-08T03:30:46Z,Socean staked SOL,5oVNBeEEQvYi1cX3ir8Dx5n1P7pdxydbGF2X4TxVusJm,A5MpyajTy6hdsg3S2em5ukcgY1ZBhxTxEKv8BgHajv1A,GLtKF7ETdsNLLhv5Sj8NA2rvJA7j7qrHrp5gAEP1tXGG,A5MpyajTy6hdsg3S2em5ukcgY1ZBhxTxEKv8BgHajv1A,1.0942009900288232,114.849298174,mainnet_income_call_socean,A5MpyajTy6hdsg3S2em5ukcgY1ZBhxTxEKv8BgHajv1A,5VmdHqvRMbXivuC34w4Hux9zb1y9moiBEQmXDrTR1kV,scnSOL,socean-staked-sol,EndRound
1458.717366,transfer,0-0,DxMJgeSVoe1cWo1NPExiAsmn83N3bADvkT86dSP1k7WE,4EiKNuHyFAMRRBqCH3aELXNvorUjy4zWYg9fqq57CMYFxH435qm7qRvCFRSwA7oCXs3DTpJd2qf4NcZjrbKZSYRJ,2022-07-08T03:31:14Z,Saber Protocol Token,Saber2gLauYim4Mvftnrasomsv6NvAuncvMEZwcLpD1,BH7Jg3f97FyeGxsPR7FFskvfqGiaLeUnJ9Ksda53Jj8h,FU2qxQeDVSrM4TYT2Z9s16oq8s5rbPSmrcyybLu1nApD,BH7Jg3f97FyeGxsPR7FFskvfqGiaLeUnJ9Ksda53Jj8h,251158.321138,mintTo,0-2,DxMJgeSVoe1cWo1NPExiAsmn83N3bADvkT86dSP1k7WE,2022-07-08T03:31:14Z,,DPMCwE9z9jXaDVDti5aKhdgCWGgsvioz6ZvB9eZjH7UE,,,BH7Jg3f97FyeGxsPR7FFskvfqGiaLeUnJ9Ksda53Jj8h,0-1,0-2,295403.195611,transfer,0-1,DxMJgeSVoe1cWo1NPExiAsmn83N3bADvkT86dSP1k7WE,2022-07-08T03:31:14Z,Saber Protocol Token,Saber2gLauYim4Mvftnrasomsv6NvAuncvMEZwcLpD1,BH7Jg3f97FyeGxsPR7FFskvfqGiaLeUnJ9Ksda53Jj8h,APp2pU8pLGwVb2YBNdnp3y6MxTuDxBa5BUmbRacGvT1A,BH7Jg3f97FyeGxsPR7FFskvfqGiaLeUnJ9Ksda53Jj8h,1.1761632832729818,1458.717366,mainnet_income_call_sbr,BH7Jg3f97FyeGxsPR7FFskvfqGiaLeUnJ9Ksda53Jj8h,DPMCwE9z9jXaDVDti5aKhdgCWGgsvioz6ZvB9eZjH7UE,SBR,saber,EndRound
1132.537208757,transfer,0-0,DxMJgeSVoe1cWo1NPExiAsmn83N3bADvkT86dSP1k7WE,4J4g2pMWgRin8ZtTcoQgYpsy4fAWiRzhSd2Mav2FusMweaNoyKb7kkcFiA4EmiGuZSLhnt47QZwbFxyjduHpf3De,2022-07-08T03:31:19Z,Step,StepAscQoEioFxxWGnh2sLBDFp9d8rvKz2Yp39iDpyT,FiEHDTKT6X7VFwGaUmsm1XXYr8vvkoSR5EqcY4znpefq,6RYwy311TyRiMHvZ4oRRKb2H8bCKEfUj1SV3UPmYWRX9,FiEHDTKT6X7VFwGaUmsm1XXYr8vvkoSR5EqcY4znpefq,1659.534613564,mintTo,0-2,DxMJgeSVoe1cWo1NPExiAsmn83N3bADvkT86dSP1k7WE,2022-07-08T03:31:19Z,,AQFLXqLLofcbUCoi5HPfuuvX6vMPafubZfBNBMumnKq2,,,FiEHDTKT6X7VFwGaUmsm1XXYr8vvkoSR5EqcY4znpefq,0-1,0-2,1716.94,transfer,0-1,DxMJgeSVoe1cWo1NPExiAsmn83N3bADvkT86dSP1k7WE,2022-07-08T03:31:19Z,Step,StepAscQoEioFxxWGnh2sLBDFp9d8rvKz2Yp39iDpyT,FiEHDTKT6X7VFwGaUmsm1XXYr8vvkoSR5EqcY4znpefq,CJuh78XDxxr87UHBRoQgxNDjZircAvDPqoxgXvcDHZih,FiEHDTKT6X7VFwGaUmsm1XXYr8vvkoSR5EqcY4znpefq,1.034591255865834,1132.537208757,mainnet_income_call_step,FiEHDTKT6X7VFwGaUmsm1XXYr8vvkoSR5EqcY4znpefq,AQFLXqLLofcbUCoi5HPfuuvX6vMPafubZfBNBMumnKq2,STEP,step-finance,EndRound
924.939906,transfer,0-0,DxMJgeSVoe1cWo1NPExiAsmn83N3bADvkT86dSP1k7WE,4TeQGnUh2LMVqUz4gZGrG4AsuD3AYVWhAMnypEqGMRp4swTUmeQmEsXhX9jKVsR1ew9FSYCKs7PkAdTmu2RvfgTm,2022-07-08T03:33:46Z,USD Coin,EPjFWdd5AufqSSqeM2qN1xzybapC8G4wEGGkZwyTDt1v,6Nkc8MEiz3WLz1xthYitmSuy3NGwn7782upRHo2iFmXK,3P8gKD391aWea5qyGMeSJJhiXYmLx8n7zY4umh1uYk6j,6Nkc8MEiz3WLz1xthYitmSuy3NGwn7782upRHo2iFmXK,19309.734593,mintTo,0-2,DxMJgeSVoe1cWo1NPExiAsmn83N3bADvkT86dSP1k7WE,2022-07-08T03:33:46Z,,EBPM7fvPN8EuA65Uc7DT9eGyDUZ1sqMLM8Rb8y2YxBYU,,,6Nkc8MEiz3WLz1xthYitmSuy3NGwn7782upRHo2iFmXK,0-1,0-2,13858.441466,transfer,0-1,DxMJgeSVoe1cWo1NPExiAsmn83N3bADvkT86dSP1k7WE,2022-07-08T03:33:46Z,USD Coin,EPjFWdd5AufqSSqeM2qN1xzybapC8G4wEGGkZwyTDt1v,6Nkc8MEiz3WLz1xthYitmSuy3NGwn7782upRHo2iFmXK,EJtb5iH2nEeNnsJUmu1PChXepVbiaP6uU9twQUMExYod,6Nkc8MEiz3WLz1xthYitmSuy3NGwn7782upRHo2iFmXK,0.7176919702989518,924.939906,mainnet_income_put_sol,6Nkc8MEiz3WLz1xthYitmSuy3NGwn7782upRHo2iFmXK,EBPM7fvPN8EuA65Uc7DT9eGyDUZ1sqMLM8Rb8y2YxBYU,USDC,usd-coin,EndRound
505.799977046,transfer,0-0,DxMJgeSVoe1cWo1NPExiAsmn83N3bADvkT86dSP1k7WE,4iNBqkNAMdFUfxjwenkwaihAzRgMs2pMki9mKJ2cjhpZhjoCXTQhYqmysCyMSQFiDtDRMyNnK5CmKFV7WkGHGGXb,2022-07-08T03:31:12Z,Wrapped SOL,So11111111111111111111111111111111111111112,Hxtb6APfNtf9m8jJjh7uYp8fCTGr9aeHxBSfiPqCrV6G,unrWTSSfz6H7DzYYHRTuTCK3yVzR1YUNqUn7xWwr4Z5,Hxtb6APfNtf9m8jJjh7uYp8fCTGr9aeHxBSfiPqCrV6G,2550.104198159,mintTo,0-2,DxMJgeSVoe1cWo1NPExiAsmn83N3bADvkT86dSP1k7WE,2022-07-08T03:31:12Z,,4Hnh1UCC6HLzx9NaGKnTVHR2bANcRrhydumdHCnrT3i2,,,Hxtb6APfNtf9m8jJjh7uYp8fCTGr9aeHxBSfiPqCrV6G,0-1,0-2,2967.268678691,transfer,0-1,DxMJgeSVoe1cWo1NPExiAsmn83N3bADvkT86dSP1k7WE,2022-07-08T03:31:12Z,Wrapped SOL,So11111111111111111111111111111111111111112,Hxtb6APfNtf9m8jJjh7uYp8fCTGr9aeHxBSfiPqCrV6G,GpZZJXg48Lc9hcwfhFiqcpDg6t35iGMe3MUFWwyBg5fr,Hxtb6APfNtf9m8jJjh7uYp8fCTGr9aeHxBSfiPqCrV6G,1.1635872294289638,505.799977046,mainnet_income_call_sol,Hxtb6APfNtf9m8jJjh7uYp8fCTGr9aeHxBSfiPqCrV6G,4Hnh1UCC6HLzx9NaGKnTVHR2bANcRrhydumdHCnrT3i2,SOL,solana,EndRound
0.0,transfer,0-0,DxMJgeSVoe1cWo1NPExiAsmn83N3bADvkT86dSP1k7WE,5Eai51NCZ9MMnvBSwuDhHQ3b6fWFELLPLV6oPXeLw8au2GpUqPjh8K3D3eCTPbmaaVbRq3CWqXcWThqqTmRmThW3,2022-07-08T03:30:45Z,PAI (Parrot USD),Ea5SjE2Y6yvCeW5dYTn7PYMuW5ikXkvbGdcmSnXeaLjS,7Nvs437r3waBgBoFpgsqBjouy5PLP7h2wUFbsF1FD2AK,GqC7LmZCvQ3fXjnuwYAbN57UpkqypKd8xnrJzj23gsHB,7Nvs437r3waBgBoFpgsqBjouy5PLP7h2wUFbsF1FD2AK,0.0,mintTo,0-2,DxMJgeSVoe1cWo1NPExiAsmn83N3bADvkT86dSP1k7WE,2022-07-08T03:30:45Z,,8R2L3r6N6odiUkztEzhxr9wkFio8UikYWbp36qdZvA9U,,,7Nvs437r3waBgBoFpgsqBjouy5PLP7h2wUFbsF1FD2AK,0-1,0-2,0.0,transfer,0-1,DxMJgeSVoe1cWo1NPExiAsmn83N3bADvkT86dSP1k7WE,2022-07-08T03:30:45Z,PAI (Parrot USD),Ea5SjE2Y6yvCeW5dYTn7PYMuW5ikXkvbGdcmSnXeaLjS,7Nvs437r3waBgBoFpgsqBjouy5PLP7h2wUFbsF1FD2AK,6qk6XxYFjnEW6hoMEqwEAB3gE31gGXzFQdKnAo6PFxbC,7Nvs437r3waBgBoFpgsqBjouy5PLP7h2wUFbsF1FD2AK,,0.0,mainnet_income_put_pai,7Nvs437r3waBgBoFpgsqBjouy5PLP7h2wUFbsF1FD2AK,8R2L3r6N6odiUkztEzhxr9wkFio8UikYWbp36qdZvA9U,PAI,usd-coin,EndRound
0.311295402,transfer,0-0,DxMJgeSVoe1cWo1NPExiAsmn83N3bADvkT86dSP1k7WE,5KF6HWRv6MjP5tRYtHourGTMeLVz63Px3rXSG9tRS1E41y2b4SLoqWozuz5Y7cQ9Lehjq2BHyBAAmmd7QwDzye12,2022-07-08T03:30:44Z,Lido Staked SOL,7dHbWXmci3dT8UFYWYZweBLXgycu7Y3iL6trKn1Y7ARj,2Ahpeqc1bo7Y4dVknvZUVfZPhHhym7JN6az2XMbUA6QA,4aoSKSt2jdqg3R6x9gJxFSVXnR7XLnjYBbhxW5qbLpKm,2Ahpeqc1bo7Y4dVknvZUVfZPhHhym7JN6az2XMbUA6QA,3.66866029,mintTo,0-2,DxMJgeSVoe1cWo1NPExiAsmn83N3bADvkT86dSP1k7WE,2022-07-08T03:30:44Z,,EPoDdEcDQ478YNRAiMYMHLs7mEnmo5z9322Q2D5exKFU,,,2Ahpeqc1bo7Y4dVknvZUVfZPhHhym7JN6az2XMbUA6QA,0-1,0-2,3.827541749,transfer,0-1,DxMJgeSVoe1cWo1NPExiAsmn83N3bADvkT86dSP1k7WE,2022-07-08T03:30:44Z,Lido Staked SOL,7dHbWXmci3dT8UFYWYZweBLXgycu7Y3iL6trKn1Y7ARj,2Ahpeqc1bo7Y4dVknvZUVfZPhHhym7JN6az2XMbUA6QA,5wWGQm7wRv7RpkUxazTFsRwLtVYojzaD1zPNPQyrRXV9,2Ahpeqc1bo7Y4dVknvZUVfZPhHhym7JN6az2XMbUA6QA,1.0433077599016396,0.311295402,mainnet_income_call_stsol,2Ahpeqc1bo7Y4dVknvZUVfZPhHhym7JN6az2XMbUA6QA,EPoDdEcDQ478YNRAiMYMHLs7mEnmo5z9322Q2D5exKFU,stSOL,lido-staked-sol,EndRound
1645.44216592,transfer,0-0,DxMJgeSVoe1cWo1NPExiAsmn83N3bADvkT86dSP1k7WE,5VeXS5pEooaC1HTqsWMdQaL1xUux4WWfLjC2N1RbjpfhsbweE2FW8MPYihwZA97sjcFoFdJi8PagFxWo4wiuAME3,2022-07-08T03:31:12Z,FTT (Wormhole),EzfgjvkSwthhgHaceR3LnKXUoRkP6NUhfghdaHAj1tUv,7KqHFuUksvNhrWgoacKkqyp2RwfBNdypCYgK9nxD1d6K,HcGvtMseBQTZVf9qrhkSW1zkiK8hUVnatybkeTfe3dJc,7KqHFuUksvNhrWgoacKkqyp2RwfBNdypCYgK9nxD1d6K,1265.46992,mintTo,0-2,DxMJgeSVoe1cWo1NPExiAsmn83N3bADvkT86dSP1k7WE,2022-07-08T03:31:12Z,,7wDh4VCTPwx41kvbLE6fkFgMEjnqw7NpGJvQtNabCm2B,,,7KqHFuUksvNhrWgoacKkqyp2RwfBNdypCYgK9nxD1d6K,0-1,0-2,1394.70490568,transfer,0-1,DxMJgeSVoe1cWo1NPExiAsmn83N3bADvkT86dSP1k7WE,2022-07-08T03:31:12Z,FTT (Wormhole),EzfgjvkSwthhgHaceR3LnKXUoRkP6NUhfghdaHAj1tUv,7KqHFuUksvNhrWgoacKkqyp2RwfBNdypCYgK9nxD1d6K,4k1U2GxxZmCtfzXSeogd2ETQwyUnFEwZJM6LcavZ8bWZ,7KqHFuUksvNhrWgoacKkqyp2RwfBNdypCYgK9nxD1d6K,1.1021241071301007,1645.44216592,mainnet_income_call_ftt,7KqHFuUksvNhrWgoacKkqyp2RwfBNdypCYgK9nxD1d6K,7wDh4VCTPwx41kvbLE6fkFgMEjnqw7NpGJvQtNabCm2B,FTT,ftx-token,EndRound
8829.016243,transfer,0-0,DxMJgeSVoe1cWo1NPExiAsmn83N3bADvkT86dSP1k7WE,E3QdMxZF2JKLNRNUJtkhL3rKsXm98BPVcGkpQknnYCQ5yFuvLyhwn7xGLCAjrzrPjVZsLBWqUpASyyDt27ghpQ8,2022-07-08T03:37:19Z,USD Coin,EPjFWdd5AufqSSqeM2qN1xzybapC8G4wEGGkZwyTDt1v,CVrRw6VtxSjokm2tKmaS5RCuoc9EFjN4wEoov6f2PST6,FP7rhnmHexx2Tb4vbt7AX2PjEErSxFgnb8L2NwXwjT1D,CVrRw6VtxSjokm2tKmaS5RCuoc9EFjN4wEoov6f2PST6,29897.150181,mintTo,0-2,DxMJgeSVoe1cWo1NPExiAsmn83N3bADvkT86dSP1k7WE,2022-07-08T03:37:19Z,,CxHG1tPkeEHsAVmPF2UrjZK3W719J5DGFgMaLtUkBoeP,,,CVrRw6VtxSjokm2tKmaS5RCuoc9EFjN4wEoov6f2PST6,0-1,0-2,21002.39976,transfer,0-1,DxMJgeSVoe1cWo1NPExiAsmn83N3bADvkT86dSP1k7WE,2022-07-08T03:37:19Z,USD Coin,EPjFWdd5AufqSSqeM2qN1xzybapC8G4wEGGkZwyTDt1v,CVrRw6VtxSjokm2tKmaS5RCuoc9EFjN4wEoov6f2PST6,28EWRHfu8kVreycdJKYPukSTkgCnzBm6WzqdJGVS833Y,CVrRw6VtxSjokm2tKmaS5RCuoc9EFjN4wEoov6f2PST6,0.7024883519950768,8829.016243,mainnet_income_put_mngo,CVrRw6VtxSjokm2tKmaS5RCuoc9EFjN4wEoov6f2PST6,CxHG1tPkeEHsAVmPF2UrjZK3W719J5DGFgMaLtUkBoeP,USDC,usd-coin,EndRound
1473.161282,transfer,0-0,DxMJgeSVoe1cWo1NPExiAsmn83N3bADvkT86dSP1k7WE,EXTp8zHa8aMH9gtJdEA1sGXseKXnwLQWqZC8GTL4FXcw1R7eaNAfzxmRwgKkNzCvMkUGzXJHtiuWs3PtRzSGmSk,2022-07-08T03:33:51Z,USD Coin,EPjFWdd5AufqSSqeM2qN1xzybapC8G4wEGGkZwyTDt1v,BThMeTgWZBoBbAzp9sK9T7gQzpQDQdRQUVLtVQ3781q1,A9GuE71hkLTgbzM9HEan8uP59bXq96WVANDYEr6Y22Kc,BThMeTgWZBoBbAzp9sK9T7gQzpQDQdRQUVLtVQ3781q1,9192.495177,mintTo,0-2,DxMJgeSVoe1cWo1NPExiAsmn83N3bADvkT86dSP1k7WE,2022-07-08T03:33:51Z,,G8jsAWUA2KdDn7XmV1sBqUdbEXESaPdjPWDEYCsnkRX2,,,BThMeTgWZBoBbAzp9sK9T7gQzpQDQdRQUVLtVQ3781q1,0-1,0-2,7105.857043,transfer,0-1,DxMJgeSVoe1cWo1NPExiAsmn83N3bADvkT86dSP1k7WE,2022-07-08T03:33:51Z,USD Coin,EPjFWdd5AufqSSqeM2qN1xzybapC8G4wEGGkZwyTDt1v,BThMeTgWZBoBbAzp9sK9T7gQzpQDQdRQUVLtVQ3781q1,AaBCjr15usm4ByZHwwn1w8QSLCYJN6R8uahLjeQxJnpc,BThMeTgWZBoBbAzp9sK9T7gQzpQDQdRQUVLtVQ3781q1,0.7730063389947862,1473.161282,mainnet_income_put_sol_high,BThMeTgWZBoBbAzp9sK9T7gQzpQDQdRQUVLtVQ3781q1,G8jsAWUA2KdDn7XmV1sBqUdbEXESaPdjPWDEYCsnkRX2,USDC,usd-coin,EndRound
82.965878,transfer,0-0,DxMJgeSVoe1cWo1NPExiAsmn83N3bADvkT86dSP1k7WE,Jq6n29UdePqSciAskUHNqvZcHZ9gfLUBuA49Q74tHaMJqEpub9a6XSQSvzgEkSCCADAqXvAtP69sffBSvYC2pir,2022-07-08T03:37:19Z,USD Coin,EPjFWdd5AufqSSqeM2qN1xzybapC8G4wEGGkZwyTDt1v,GrB6vbG2WP7eEnbwgxUbBGRMeXYq139jo2o9oW8cNK8f,Hzh5dx4K7BDYih4oQvBsgkhwe19TaNnTeyzBDpLJwU8D,GrB6vbG2WP7eEnbwgxUbBGRMeXYq139jo2o9oW8cNK8f,19457.287933,mintTo,0-2,DxMJgeSVoe1cWo1NPExiAsmn83N3bADvkT86dSP1k7WE,2022-07-08T03:37:19Z,,THjfJ7GUeW6aMU6dzYYFVs5LnKNvmPzgk2wbh3bWagC,,,GrB6vbG2WP7eEnbwgxUbBGRMeXYq139jo2o9oW8cNK8f,0-1,0-2,17040.0,transfer,0-1,DxMJgeSVoe1cWo1NPExiAsmn83N3bADvkT86dSP1k7WE,2022-07-08T03:37:19Z,USD Coin,EPjFWdd5AufqSSqeM2qN1xzybapC8G4wEGGkZwyTDt1v,GrB6vbG2WP7eEnbwgxUbBGRMeXYq139jo2o9oW8cNK8f,5mRxYn8yv9Q42CoqHbeLc23kZ6eZBNiQ739LxTkxSbLk,GrB6vbG2WP7eEnbwgxUbBGRMeXYq139jo2o9oW8cNK8f,0.8757643952577674,82.965878,mainnet_income_put_btc,GrB6vbG2WP7eEnbwgxUbBGRMeXYq139jo2o9oW8cNK8f,THjfJ7GUeW6aMU6dzYYFVs5LnKNvmPzgk2wbh3bWagC,USDC,usd-coin,EndRound
40561.232133,transfer,0-0,DxMJgeSVoe1cWo1NPExiAsmn83N3bADvkT86dSP1k7WE,vELeg1q8y6ypGdVC3i5jAmQRNorUBFepSQxAd19KZQAQMxq8bxLrefm3MxbuKkuwCjUDGRHtZXnm6Xkvu9F5ErT,2022-07-08T03:31:13Z,Mango,MangoCzJ36AjZyKwVj3VnYU4GTonjfVEnJmvvWaxLac,B3yakZxwomkmnCxRr8ZmQtiWgtxtVBuCREDFDdAvcCVQ,CE3Fen8teV2SRAJbS6REpdhVxatMXQgLy2PENUKBxYRL,B3yakZxwomkmnCxRr8ZmQtiWgtxtVBuCREDFDdAvcCVQ,47916.374903,mintTo,0-2,DxMJgeSVoe1cWo1NPExiAsmn83N3bADvkT86dSP1k7WE,2022-07-08T03:31:13Z,,4sTuzTYfcE2NF7zy6Sy8XhVcNLa6JQSLrx3roy97n4sD,,,B3yakZxwomkmnCxRr8ZmQtiWgtxtVBuCREDFDdAvcCVQ,0-1,0-2,51544.670216,transfer,0-1,DxMJgeSVoe1cWo1NPExiAsmn83N3bADvkT86dSP1k7WE,2022-07-08T03:31:13Z,Mango,MangoCzJ36AjZyKwVj3VnYU4GTonjfVEnJmvvWaxLac,B3yakZxwomkmnCxRr8ZmQtiWgtxtVBuCREDFDdAvcCVQ,pxFauZXuFaV4Uz5XwopdoZD6KYKL8fEqzR3Mmz42qid,B3yakZxwomkmnCxRr8ZmQtiWgtxtVBuCREDFDdAvcCVQ,1.0757214067288057,40561.232133,mainnet_income_call_mngo,B3yakZxwomkmnCxRr8ZmQtiWgtxtVBuCREDFDdAvcCVQ,4sTuzTYfcE2NF7zy6Sy8XhVcNLa6JQSLrx3roy97n4sD,MNGO,mango-markets,EndRound
