,userAddress
29739,4F6J65BByd2eWHJ26RnMnR7vnxPqxNBF9EEJFwSHJsBW
29740,DwmePe5umSWvsuQWqcZnbAu75Bm4B1XZCNrMGDxhVEgi
29741,AY5rzzhQkBvNdQx3W25NcmVj58AmpG5CP5NSEUX3GyzH
29742,Fm7f6BzAookbmr4m5xaVcQjsF6N3uFMRCkMmWu54k28Q
29743,DaKDiSaA7ae4FxHhBbG2AaZ97DMaxU8hjRppNye5mYia
29744,EqyLDhAhCZXQHNKPfCmSw5TZ2cqTdyEcCiooMtajh4ca
29745,9yUokY6Z3iGZ2yMhxPYrZqfnGo2rVAaBEE46ZHKr7Bw7
29746,HGwnk76zKpRh2BFvUEjyTThxmFyvX9oTeWo7ouQf1Mqe
29747,9bkkeNJL9LjNiWpvNUUPQy3job8KP9KDtNX5DuT7muGP
29748,93KaH8yJpvRz3n1nq7LJuBYbeZzcxWehF7mjY8Kotjw1
29749,CZiRHmqePKYP2hnWfuW6EsWsjYrsBdG91tXXXHs84JuF
29750,Ga5K7tiCZPPitmcnR1evPJgPAU8Dm2DNw9unjNq8ABTG
29751,65CU53jhtM3abpDXmjrcLt8WZwB7JuuP233xDEgGi5vZ
29752,HWstmhmp4DDdZCyU9QgQN2j8PpP5DGwmt23kEsuusuuK
29753,3uTMAEZTmR4xFTqjCM7vsRdd8Nw5b5dmz9hrTTYDiRgr
29754,C7kUxhQVt1PvaaxCsXi6qF9RP24MmCi9pdxAm4AVRwse
29755,ESShcBD34wXp5YtHFKhuC8gb3L4TwXpNcKBgpNFXA9kY
29756,HQFH65hxhAwbGbP4pSCV4PJj2Ec2cyrk6c8XmShJaHp2
29757,2vQAstUtByTJfnuWsoF5cVt6oBsfzEboaKfQNxMEzoTr
29758,9DWREMQtcKKcZRzqBi4kWKp61TW9MhASCVE9biCX7tvD
29759,Aop56aJH92vtPUWExyK2JCgzH72ydo9ykYfznLoQhaFv
29760,2GX4NpHSSwhGd3uygr8QRWELKTpvcYa8ujJy1RDqbzJo
29761,GbYTQgbXndUJoczx23Hy3hobAReguEuddijnsRTkn8pJ
29762,DNpaVTkiQMiHgGXNMRzFpeVS9GwzZjQPGUxmZ2pEMakt
29763,G6S3vB3ckJMxynHFDDMRy5AZtHnyQYmT531GkPaVdVgL
29764,H8Cvwp6SESYL6J7Ff7XPQzsvW1ewvmfL1XUcdgTDiCLU
29765,Xq6EVTy3fV2eLhrcgsvKMhmHiudZKAqFmMErVzNMW7z
29766,4F6J65BByd2eWHJ26RnMnR7vnxPqxNBF9EEJFwSHJsBW
29767,C35WVe5uAj5UMSi2HEG1V5RqPkvwJ4uudxM4hixr5KdS
29768,7AuwcWsx9mMgAFKvvBvnp1KbijLCuS2bjx5NxGTrhGnj
29769,GGyVoUc8TLzsvioDw45ZgDLesVGvajTnfhzEmWdUcwoE
29770,HkM7BgFLZyGH6iNb4ueKf1TC6WxXbCmMyqqWDAGpdCFB
29771,H5sVGgyYtNM6bMWwBPXShwcAziG6jDJB2ibpkQTfci4w
29772,6iDsqe5Yy5UnmbaXt4LVseuAfuPYBuGXHeSqbJ18HaAm
29773,DysAeniniBRK62SsJDe7qXmgJtLYfFKTvy2tyvQqrK8i
29774,G4oZr6bBCW3TNGXemv6osfVZs7jQPeNPH17crmBUEyLL
29775,FXVnd4Px4m6rAJcuVCR3oSE8DL4Jq7LKSbWVHU13qwJe
29776,3bBjUV4zeghqqcPeRjoMZHkH2RM9rwKn3TBmCUVgaSCd
29777,DwmePe5umSWvsuQWqcZnbAu75Bm4B1XZCNrMGDxhVEgi
29778,D3yaAXitJhiW2eVm21iySXQgh66vgnm3WJfM812Wek8p
29779,87kBQ6oAasnhuaENDvSX9NTa4N5qHhVHQDuBqxNLREWs
29780,FfQBLfDUreKGjHBquf2sWwZ4vRY54WbDYkFiWtKN8vG1
29781,HLrWx8bLn4GLRH23BZLm5UfcAFRMVNWZcvfj6GWpfMkf
29782,5yuZ4QunYeTsA1Xn2osyGBLF6zJEGhjhhoRrxv3RLnoi
29783,HSYWxUgF2g9kU7JBoiRyErjK8JUXKLpGtoVgVXJrQpvZ
29784,6hTpdC3udnoGLapS1Uxrt51sBRcDH3finesjETPqrHjK
29785,2Wg5p4mdoZHRTNvG5VgukZkbz3WtxkzcsNgzidS5EDaq
29786,AY5rzzhQkBvNdQx3W25NcmVj58AmpG5CP5NSEUX3GyzH
29787,em1nFJGj2NYxU4VHo9Exx4rzzqQxyrfJwrg8G1ctioy
29788,Xq6EVTy3fV2eLhrcgsvKMhmHiudZKAqFmMErVzNMW7z
29789,EQ2iH77yXVh8Y96Cfhnqmt3AB85Ys61ZiYY5Qgyri3LX
29790,8dbR8MtEnfJj6E1GA2qvZFJQ4oh8bXbzfird2L3J7uVe
29791,4jfevPD5Q6NYCtBXCxcpxLWw4J2eydt71BB5uPG4eZJb
29792,DRb74HdxoSeQzMXWEe2uoWAos5AHnbfJKVZtPqPpD8vY
29793,6aHVMcBnXSXMHnbYLzZozqDzrmJeCZmY8N6aVtZCYnPV
29794,7MvdE5D9g8demfTPvo6JTaqbMSvvxo3sfFCrux1qoye4
29795,2kic8gYaNFrvvd1hJvmaHjLQExe4AoY9YUYR8PGFA3xB
29796,8yVqwFvyh9ac5aTSA1WkxurwbxmZNBFsPnv8LxbRpkRc
29797,Xq6EVTy3fV2eLhrcgsvKMhmHiudZKAqFmMErVzNMW7z
29798,D7U9je2xcHcFyycafMcgyyb7tDk5he9jb4KyPcvQc9hB
29799,Xq6EVTy3fV2eLhrcgsvKMhmHiudZKAqFmMErVzNMW7z
29800,C7kUxhQVt1PvaaxCsXi6qF9RP24MmCi9pdxAm4AVRwse
29801,HK7aLFrSXgUhaTPCJpEBDS6kgfwG9kJUBUqThFhX5PMG
29802,4kGq86E5cYsZQqdL52oX8VN7fEwtcCYyVKcaysLHcpjm
29803,FigRrmwck7KRcaVZtXscegsHVnHtykG3cSovasJSUWqy
29804,6UakuNYowcHvq2UkAdt89NhKQNSFfWA4oLG93FFwEPAD
29805,Xq6EVTy3fV2eLhrcgsvKMhmHiudZKAqFmMErVzNMW7z
29806,DFMCqqSf8FMqrYiLAVZt5edWE9EPwY6Vm8C1Fh6dnZZt
29807,DroC3DHjEyumBRPemTTxhfVr4d1s2b6T74HcNRuwvkUf
29808,G2aUAB7A6HLyLsabWfA1zJRTy7BfNfKJBcrVXmmpoHQR
29809,EZHCUuZypPibtnQgPDB88oVb19KDv5YQcFkiAfaVXgkx
29810,4diY1t9kPaqy5nSfJiFeBrDh3YKx9kK84sLgALWVdBUy
29811,6igXx1W5d8WpgUsNCbqiZgzBqG5dLBgqhBC5VKcU3T1e
29812,2RbKZjkqrEUFPTxCc4DDg7ZaWW8QxftKuuQ9W44YvGcK
29813,Bk2jeKUQMK543yqzohkFAgBrwdB4Z7T1mWMbd1yYPds
29814,Huwhnoxa1Bf5an9xAwQiGV8ZdLkmwQY11fiQbMddyL7v
29815,C35WVe5uAj5UMSi2HEG1V5RqPkvwJ4uudxM4hixr5KdS
29816,AQfV6JkvnoLZ5hBWc99bq6ZV7nr6bdbMHLLCWGty5dmc
29817,5yuZ4QunYeTsA1Xn2osyGBLF6zJEGhjhhoRrxv3RLnoi
29818,5FgoLkWKQ4d1w8zk2ZDaGGPNy3vFMsUYXhFacpgVrMfd
29819,Gy4sp9PZE3bCddqkgf8smpa544GGSzLu3W31cURBZ4QT
29820,AX4XvU6cq3qhkF9shUBaQetp4gaRBtbrQbdKGJqEVDka
29821,6hTpdC3udnoGLapS1Uxrt51sBRcDH3finesjETPqrHjK
29822,7gP4RHnECWWXJL1m3XbRPpxx6uogjDBHjb3V2XabF6rm
29823,ENfhJcrMjWtF556LjMSGFBwnEDB9EFpCq5WaMDbFUmmt
29824,Da21UwjbcBSQaGgo428Vk3k3sr8RUGMvmKna3vNmKK3y
29825,5UE4VRBZ2wjkhNRquNj6TdBw5EnWSRBxEmAyeznhFTtv
29826,54XhyQfijwiG9S3jroV45c3P5aMb3xwKNdx9XiWVrLM4
29827,5yuZ4QunYeTsA1Xn2osyGBLF6zJEGhjhhoRrxv3RLnoi
29828,EijiDR9zwARB4RJhGK2mcoQxibNfh7kCrLwj9WNKpJ2J
29829,AfFwYWaxTfrmzEM5wZCHZAWb79YDv83KazFSrU1fHABL
29830,C7kUxhQVt1PvaaxCsXi6qF9RP24MmCi9pdxAm4AVRwse
29831,7jAUNgXUi61zC2Kf4ze6tz63M5beCbiJX5KoRw3pM2ZY
29832,HyGZ2thewvufHEspQBt5mG6UbCswiFkX8VrzSbAicUeb
29833,BYPQLo7SnhMp2Y9geafwAYqMm8u8uHnqDkdQPV5YaF4Z
29834,3BLWGrSbHqAZtNzQz7j4sdWYsgixE6yyxBB7iGFtMGVb
29835,Xq6EVTy3fV2eLhrcgsvKMhmHiudZKAqFmMErVzNMW7z
29836,CsPYfWssqoyLqsVQWbdXViwoMDsH5eh91LntQuBuGzLa
29837,J3twGYQav3Von2PHPBv5FkWEB9gnGHWzGTS5AXDCipd8
29838,HfW97Lwm186yH9WWaq1RF322nVyn8vVmhSgy92bjBZkt
29839,2PbEhwDCLVsK9bZvG8bxNcTaZCa2U3cRountzMjyu3kE
29840,8dbR8MtEnfJj6E1GA2qvZFJQ4oh8bXbzfird2L3J7uVe
29841,2vQAstUtByTJfnuWsoF5cVt6oBsfzEboaKfQNxMEzoTr
29842,2vQAstUtByTJfnuWsoF5cVt6oBsfzEboaKfQNxMEzoTr
29843,DXEv7MVykYXvn8z74vX2NdnC1DyR4RWrJkTHQVKWzefy
29844,Xq6EVTy3fV2eLhrcgsvKMhmHiudZKAqFmMErVzNMW7z
29845,EpcmWyd5agwHtzi6YisVcaQuB9hZFjTnEtZpxWGthLf4
29846,2AaZSBG2FKMFXCbCtdcXdAaLgTD5ZqKkiEMMRHQaR754
29847,5daJyxPDty3KcwmLCuzcK38Q3Qjegzphs4CAjVun8RW7
29848,4KBJfqekDQ1qXdj2uZF7F3QzUjBjdqDosNb55nUwbGmr
29849,4bi7T3jEnd49QjqYRgAiys4poaESrVqSgXF5iRpLDfW1
29850,AvLA5VRh9RkHvqt1RjMs19TPhXNnHBR4UyarTDCUR1Hj
29851,AxpB8nQ4zRDtoJ6LtnAjKZ4aKJeapin7d1h349fSw1Pe
29852,EpSPfQZK2rh6cWYqgD86AQavN7r1cHoaA2UfuFTCVrkL
29853,A9c5icbj9GuTLhrg93nRwkENqPZNcSBBfvPxXcqB9X7Z
29854,C9U2YPcEmsxeJuGhQ233hrRpj6an5rxABg9hCfySmSG6
29855,3eyYn7syXMGHqZ8NkSqetfdp9fWADyyELabGteDPTFFT
29856,DNpaVTkiQMiHgGXNMRzFpeVS9GwzZjQPGUxmZ2pEMakt
29857,JA5awCRgQdNkHQvMitvoErTaR2if57U8YytQRNMeCyxq
29858,FnseJwvAi6BsA92zjHx3kbSQkdV99kGKa2HTrvM8Fu9Q
29859,34YwBF8MqvQ4fif5R7tZsN7XGSqTZ6qnddJhoyFyMAiZ
29860,Cs2xitsDqkb8BPgfDtYd43jSwmFR5voQ2UqAPb9JF73j
29861,6iDsqe5Yy5UnmbaXt4LVseuAfuPYBuGXHeSqbJ18HaAm
29862,AF72gk4FrnxUZM6u9gJDqYq3ULAK1yAAMyZzqPR2yh1H
29863,cyzavZrt2xqCGFQqiJtGYbgUaLmFAPhFyVaitcGkk4p
29864,fxsiGvDAMaPbFcEsfecpYX96fLPC3MnhQpwdyszpG4u
29865,5JQ6HXuEaq1ULmuaE88ZWa4UeWuSRrZRmmakED35ognN
29866,57Cj2z4PPaVxDxKFFUdXv76q5SNzspxUxdiWeAW6D68j
29867,C7kUxhQVt1PvaaxCsXi6qF9RP24MmCi9pdxAm4AVRwse
29868,7ZHRAXU8A1ifemDKVSjc1TzcHAMeZXWeMmFm6MUtCmGu
29869,91tuBn8M1gxYt4bE8qmRK9EZm5GCknCm4NtzAWKiGf7S
29870,7RN7GrWsrtJ6hrkRRyWbB4tBxgEdxHXkVCYwUtR8ReBi
29871,GB3rVKCuhX3rCrLNktEzxMDXQKJvT9BKh1jZ5VMAfk5q
29872,4jphBN8fmUsocvC4ArMrB9Moicyo1ZuPSNBmGHFpPmbA
29873,H7yWsQyeZ47bu1ygYRqG7pGdQyCfGFqftWXN7D58e17Q
29874,CmfYoee9sVwSgw4GYPWMVsFCgGVdsHHpmnsJpwsWqcdy
29875,5yuZ4QunYeTsA1Xn2osyGBLF6zJEGhjhhoRrxv3RLnoi
29876,3Z6fngG3jPgDvympkkYSpPHCZVDMTZ2maGbt3Wy97yfB
29877,HtyyVi3XKbuSya7Eqn427MrmRtb6QagdztuSAqy66pkM
29878,4qKm9ehFu7cefpKFqCfMpk2Kwa3pgVZC6e2vPAJZyTCE
29879,9bkkeNJL9LjNiWpvNUUPQy3job8KP9KDtNX5DuT7muGP
29880,H8Cvwp6SESYL6J7Ff7XPQzsvW1ewvmfL1XUcdgTDiCLU
29881,1JBk3U9Y6Ww41gz7DThFMmqADDjXKkYDjeLZrW6isYb
29882,4YVH3TMmMSxZHd2js532fketX1DspXZLjoF6FUbmBjVJ
29883,DYmSowEG5dVNthLg4577BQWnwMhF51EAA5G4Gi3qQPQm
29884,4diY1t9kPaqy5nSfJiFeBrDh3YKx9kK84sLgALWVdBUy
29885,FrSSqd3AscPDSM37vSzF71Bnt2dDsyCFTR852p7dw3Ys
29886,DeB6JtPZhxUcJhCRQHXpn1JEfpDk9PTkKcAqd5tgr1jv
29887,J9zW1BogAUG72bMraNbGKzELyjyifUoiFrS2R6YizdDs
29888,2kic8gYaNFrvvd1hJvmaHjLQExe4AoY9YUYR8PGFA3xB
29889,H8Cvwp6SESYL6J7Ff7XPQzsvW1ewvmfL1XUcdgTDiCLU
29890,5yuZ4QunYeTsA1Xn2osyGBLF6zJEGhjhhoRrxv3RLnoi
29891,EhBJWJavhWsZ5WuxG2TdmHQ5noUKZHHiqPjawJ7GZTmL
29892,8hEeWszgrA2XkRK4GH6zL4Qq5wJBwotwsB6VEweD8YEQ
29893,H65e14obSTsuDXcYijLpq1yXjo2ARAUXwQyi2REMsmHy
29894,7MFLsQixqAHyMgz414pmg2WLr1tJx7sHFbnX5s5Loikk
29895,9bkkeNJL9LjNiWpvNUUPQy3job8KP9KDtNX5DuT7muGP
29896,FipBUWn6qgFNqxyVMYWebc55cN4TXpfu66tGyivxQQ1Q
29897,3xF5EvLaDGUmGNFbYWZ6Bc8u835EanupDdLPuQu6cABW
29898,DaKDiSaA7ae4FxHhBbG2AaZ97DMaxU8hjRppNye5mYia
29899,HuKd82RGGAYqYgbNK5r5NQRrdstZba4Ysh3Juz2rg9FB
29900,C9U2YPcEmsxeJuGhQ233hrRpj6an5rxABg9hCfySmSG6
29901,GLcT3fiWvhiDz6eSS5hsfhpUeHh5scpr4eB3VR7ri1RH
29902,9zcm84t9W6Dibz4yftbzw4i7tN5GwpY4Bb2oykvGUpe1
29903,6g48mcUFsqXy9hxaQynEGdq77paeMfP7eajNmGZov71t
29904,6FHzZgwzdYNDZJybnYsknKko5WdGPGXjZsB6jgSCMYiR
29905,CKpqGk6dX5j4un4bmBYEWrCK8R4HG3CoaDF9BvFVr43w
29906,9W6UmdZuu2vRrz8vfjxnZFvdCSDsGid5MPxDBoUeuJFA
29907,Cs2xitsDqkb8BPgfDtYd43jSwmFR5voQ2UqAPb9JF73j
29908,CSFDK9FCbJYTahbUShGSbttxnuZxqmy7ACHVxGmHPPps
29909,27sNc7WV5iciwMzainA5pngLW9CMhtWgpeae1oGAyPzF
29910,G1CCSvaB12RufyzkkpXNNZ4agYyPR1rBDdT3d6CXGE8k
29911,Xq6EVTy3fV2eLhrcgsvKMhmHiudZKAqFmMErVzNMW7z
29912,YLbSUdQ1KicvaeF4zEw84NMfwMKifZ5eSf8gmh9dw3K
29913,DNpaVTkiQMiHgGXNMRzFpeVS9GwzZjQPGUxmZ2pEMakt
29914,HsQeQzM2uBgWqZt9oS9wxjqJ8xF8GN6tMFCS6sTW8ocW
29915,4A8DBykf2rLmD3UKum1c6QqFpKVaDqpKh3nC4JYrDkBP
29916,3NUbDphr4ZwfnATTMy8JCaukiYuAhcnYHEsRMs4FvkDR
29917,e82TbfCLbPdhDRm7EE7fL3h7WHtNMyF73XQtVcLNS1c
29918,GKzdbPmuv2CmXHw44Sa19yuJBJBrP33BTwvFhQnpJaHL
29919,Apdi7pvYykw9Zmt85icg4qUA6Woyt2TfdnhrtbqPoAQL
29920,CP1y5pQtHM3TMwFAyjthAwBJT7ZMor6tPnWsEnrdgt1G
29921,DwmePe5umSWvsuQWqcZnbAu75Bm4B1XZCNrMGDxhVEgi
29922,Xq6EVTy3fV2eLhrcgsvKMhmHiudZKAqFmMErVzNMW7z
29923,5DUuGCYXzf6Vk2XWHvo9CqwXKi2G4MEoGkTnArwaq3DA
29924,Xq6EVTy3fV2eLhrcgsvKMhmHiudZKAqFmMErVzNMW7z
29925,FKmQWbtqXtAycDQgqyse4PMbJzQDxnqGF9FpehLN3xNv
29926,AqFDccik3n4NdBaStFYG9pcFDuL5pTWRPmvkMT7FstCJ
29927,Xq6EVTy3fV2eLhrcgsvKMhmHiudZKAqFmMErVzNMW7z
29928,6v77cA6fA4yrytwGUSuB9jfeoHM5ota6KMmULBkg1J2J
29929,EijiDR9zwARB4RJhGK2mcoQxibNfh7kCrLwj9WNKpJ2J
29930,FyfNXdwTY9YdkY3GCCe92Lv1XMYi8D6NKnspAM7JYYLY
29931,2ZXWX7oLVf6vDiUDJaKeWhdiN9Q86vDK46FBs6gFCcGf
29932,EUepZkiDM8GYB69oNKxwDeCFDe15E89X2atoAfvAnhjN
29933,EHWCVPPek2kt512pn6JQDKMdZ7R91gLad24dthVYjUQo
29934,GARxv8o7NbgBnoXJ8c49si6hdasgr3RUHGeT1WkQ2idz
29935,6VbqEJ2VzbpnTpvSLwmk8yv87ZVb7Yjng2CqEFivXdw2
29936,6JPw4SZ4Fme3W6bPFgyPT4dGV5gtRJekD2fcJq7bA2Xz
29937,GomHPvCxmfsWSeMHUDZpnePsm15BAGvidxjtmczpjSBD
29938,HtkkRAayT7nCMRp4LcR8GFTbGZVuJvwSgHdS8j2F3a5X
29939,2ZME5f2fgapRFZXpfygK5baaXtS5qtTeYMSE9p1JLe3w
29940,B69fwQDRU2az6brLbTTUnZbmqkqSHYLSnDbkTkSio9ig
29941,47Vs5izT8E2afKfvZhJebxrcLFYCiBdpt9feEv7i43KY
29942,CGk38eGmn1qGqXL1BtVS4KHG8LTfyQXypDqnDNvN67hC
29943,98jLtkAuoNTYJ3KCeVdaRN8oRtGKbP2obk3YZWH9MxBe
29944,5yuZ4QunYeTsA1Xn2osyGBLF6zJEGhjhhoRrxv3RLnoi
29945,8V8uTbESQycno9RB2RgQKmTkdJmuzN1NubigydY2UBsB
29946,AKiUXYNZc2CTH4BCp9KU9TTEtrGRYLaFo1ejMCHFQ4VT
29947,6NUVLNK88mADcbXreVFNqyroR91yP1MGqzr6HSR1piuG
29948,5yuZ4QunYeTsA1Xn2osyGBLF6zJEGhjhhoRrxv3RLnoi
29949,CsjnSQEpmt8T8KJRCkESi4yNdnvCucx8hgKn44eYSaUU
29950,5cuKmxsD4K9hmysifqd3BZmBoyYFU7zSJGV31CcrhoXX
29951,HJNaLfyeUhAiMvZQPfTVLZUQVgbkhAY1bJVjucGRgiLy
29952,9DWREMQtcKKcZRzqBi4kWKp61TW9MhASCVE9biCX7tvD
29953,GzkBsRFYYuPr3ucNpF2HTs9o16Bc92cMoEDmpvxrLi1X
29954,6df46H9p6knG9QovZvBh3Cj7tEaCT2RNk4FPwvq486rK
29955,EcS3yYXmucNgrTm5pJQrxA1NADNRHWrvGfXLBJ8AsjLQ
29956,3eyYn7syXMGHqZ8NkSqetfdp9fWADyyELabGteDPTFFT
29957,5sUJuKiAZmXZsY9wF6xPLocMYbD2beLoSmZKGFmq3J8E
29958,2hxNSQQnzjDqzYtbLr3oJSEbBydxkCchnEQKdV234sBb
29959,4uZWCstgyj26eCzTy2Ro5fiyD5azqvCkqo4EQ8acnau3
29960,41F42Db679kycQDX1kxLJ8hutd35MnNkLbzJsuLXGiNs
29961,JBesF3mNG5qXhSq5hPBWH6e3EVHM15dP1xyof3KhfahU
29962,A18MN5nPDNFAJnB2rrDSvRuG9xUHf83yJbj831UF4rWc
29963,CZiRHmqePKYP2hnWfuW6EsWsjYrsBdG91tXXXHs84JuF
29964,ETv2idiPjun5RReJNSLBd2RUMcYSBMqjFQxhVpLeDqkm
29965,6iDsqe5Yy5UnmbaXt4LVseuAfuPYBuGXHeSqbJ18HaAm
29966,HtkkRAayT7nCMRp4LcR8GFTbGZVuJvwSgHdS8j2F3a5X
29967,2XRJGYHUb3zsJPY8dK7fUvn6xxkaT8XLGGwCJUEEsC66
29968,EqvBxUfcHc2Mxj8bsGnTsWDyk98h82WDYbtgn9HjC8dv
29969,FEnFc3wBnUjqf8Mu7FkmjQLjtt4MpTZyNK4eRGaf6D9Q
29970,J8KH2UnjMYFDE95bQ5ZPDHYd5asieuzetW4yZV8nXmH7
29971,4sWCdfFXQqqvJs1TcqoFWaw7Bbou1zGZqQN3s8dSQSsJ
29972,9zVfDk83dQT8zLh5CGy4KcVva1ZXSiPZtgFQzwSeifbD
29973,2XRJGYHUb3zsJPY8dK7fUvn6xxkaT8XLGGwCJUEEsC66
29974,5yuZ4QunYeTsA1Xn2osyGBLF6zJEGhjhhoRrxv3RLnoi
29975,7DHGjDc64SbaJpdMfCwS8UubDXyXL1c4vnt7ioZAtRWe
29976,iTL8Q2PALRLPqLcgdWG5b2NhdLtvguQVQUCZVGc9T6C
29977,Jydm6T8AcdiEcharc8YWt18BKN6VSsrMZ9LihWc6YS4
29978,5yuZ4QunYeTsA1Xn2osyGBLF6zJEGhjhhoRrxv3RLnoi
29979,CKpqGk6dX5j4un4bmBYEWrCK8R4HG3CoaDF9BvFVr43w
29980,9JY3UxXJqLy4zBe1tiPJo5DfDQeXV8XZPbCEmQqZrrcP
29981,4iLRfA59UtAap3FBzPzL1CJWAWkUkJbrdug3GMMC4XmJ
29982,dNemmBJ2TDYkpfzc8HNNZ8GDtGyB9jW2BHDMcmE169V
29983,2cS6syQXkWr3ZQKiMiBaixR6mqUSjwMB5YR9AEw4Xax1
29984,DGGykkWPe9WLXCkYeRh3osXf4B8JhLVfZiTccowidtW4
29985,Xq6EVTy3fV2eLhrcgsvKMhmHiudZKAqFmMErVzNMW7z
29986,7mm5ZwW8SxEbipNHcZgsuuG7puCcHzXNxi36quTP7sD5
29987,5HRdzXsEd9wT1UueqEAtGaBmjHBzqw6rcQr1yCrR58ap
29988,3JneY4Lny8EHJk1aG8bBYsS38H2ShPst4gBBZNFfUBLj
29989,2PbEhwDCLVsK9bZvG8bxNcTaZCa2U3cRountzMjyu3kE
29990,4jfevPD5Q6NYCtBXCxcpxLWw4J2eydt71BB5uPG4eZJb
29991,4F6J65BByd2eWHJ26RnMnR7vnxPqxNBF9EEJFwSHJsBW
29992,G8hyt2CEtZpA5oeCvW1dN5W6xCSi7CPwjiQTSHfYgQhB
29993,4qyZRHyT1UrVVpUYJFAK6yYrTBzdWhZThsV3AHTPVRr2
29994,7oXUcvinJ3ZKyPDhMbbg8HRcFrz2oBoszDmhNFCsZumM
29995,FqJZ6mxdj82sWbowXbf3zbeSk5yFqrrA3HLv78Bi4oNu
29996,9hUUdemRT2mUqjpoegw74GQtT7vzWvS683ZV8G6h1mjb
29997,77gwuRTfZ1NksHFuKrGwTikbCo9w1s4sdthzndsjfBrR
29998,BTh8VZ46hoqgXUbXhQ2J68edVxt3KL8MVDZG1jtXyJZz
29999,4F6J65BByd2eWHJ26RnMnR7vnxPqxNBF9EEJFwSHJsBW
30000,5riHNPNaz7JSAA2Nss6sn4WhMAXFuLr8kqiHSXkGmK9X
30001,C7kUxhQVt1PvaaxCsXi6qF9RP24MmCi9pdxAm4AVRwse
30002,3BLWGrSbHqAZtNzQz7j4sdWYsgixE6yyxBB7iGFtMGVb
30003,EcS3yYXmucNgrTm5pJQrxA1NADNRHWrvGfXLBJ8AsjLQ
30004,6zdBsDcXjNqh2n9eQ2iDtS9LHm45K8kA9eKfgzbgFdtC
30005,BpvbaZ7GrKt3Aq9TQC59eNfZKco3UaM5fscMjkkHLmmC
30006,E4ps7WZnXL6DgyLpQcFZti5Zf5xDKQKSv7V444m8KZYU
30007,Bb1XNfHnvmH8eJPAn1tWRRsLRow8xXTR8TorBJMeCRCH
30008,87Zd3a5rHsoVmAsTbJJBKXwXU6dhEwKr3QfasGKVd7z5
30009,9RrL9NSFsSvsScSVtsDvtQtrMBq3Tk112aA6d6Pp4yhS
30010,Axy4AZYyhg4XbqhbxSPJvbtDBHnHtAUBHseZtcu5EEf7
30011,3qyzQNx1FEnk5XjfUVQeuCuyPg8zMh3GheadcgFWknwR
30012,HisQcQxxdSUTpMrPLQdwfvknBGheQqLUBpToQrVdngsq
30013,84DWEA4TiA2eTWv4RTwzdVULUPiPwFiCMmuyyyu5ZPpS
30014,5cuKmxsD4K9hmysifqd3BZmBoyYFU7zSJGV31CcrhoXX
30015,5yuZ4QunYeTsA1Xn2osyGBLF6zJEGhjhhoRrxv3RLnoi
30016,PcEZqbBnhosCGerSRy6sqP1botTfFkfECV9bNGT4BsH
30017,9bkkeNJL9LjNiWpvNUUPQy3job8KP9KDtNX5DuT7muGP
30018,7MvdE5D9g8demfTPvo6JTaqbMSvvxo3sfFCrux1qoye4
30019,HPYzzQAkAwANB7hU1rV2ZiLeAXYxFBi43fJKG5amEGfy
30020,6qChjjGeipkxBEDedmqeu8CQNt4rRSTLBPPZp4V36qft
30021,DNpaVTkiQMiHgGXNMRzFpeVS9GwzZjQPGUxmZ2pEMakt
30022,JC3MbCwrT86ZW1ZkLrYxEKTZkkkXqnng674yyP33ibFT
30023,3BLWGrSbHqAZtNzQz7j4sdWYsgixE6yyxBB7iGFtMGVb
30024,3E6ciKXTeVb3WNvwN6ZRH7TKureKXJtUYw9FfkDA2LCC
30025,8dbR8MtEnfJj6E1GA2qvZFJQ4oh8bXbzfird2L3J7uVe
30026,4F6J65BByd2eWHJ26RnMnR7vnxPqxNBF9EEJFwSHJsBW
30027,CGk38eGmn1qGqXL1BtVS4KHG8LTfyQXypDqnDNvN67hC
30028,4F6J65BByd2eWHJ26RnMnR7vnxPqxNBF9EEJFwSHJsBW
30029,4jphBN8fmUsocvC4ArMrB9Moicyo1ZuPSNBmGHFpPmbA
30030,55HALo7xwMgQsziPinNEZkoELuvGRz6VYFFv78xApf8
30031,BW5oQvMFmCHU93ahEeXfDvaYdvhD2gTojBhgSiVtE1Cc
30032,5yuZ4QunYeTsA1Xn2osyGBLF6zJEGhjhhoRrxv3RLnoi
30033,HtkkRAayT7nCMRp4LcR8GFTbGZVuJvwSgHdS8j2F3a5X
30034,5yuZ4QunYeTsA1Xn2osyGBLF6zJEGhjhhoRrxv3RLnoi
30035,Cc4vrBhNx18qQkbBQCAL4ydtEPSHJzHW3NzqH9nkMJMV
30036,74zF7HjPEoG5K5YQSmBToDzQ9vZrbp3orSRoi92UiH9w
30037,5zn7ZZ6JfQ8oYxTvsGjMJC8uWk5RW1phQxLThVY3XKMp
30038,9qCrsq8Abnq1hfGT2EEW2RbSAmGYnuheEcfkaKhtfenB
30039,AxpB8nQ4zRDtoJ6LtnAjKZ4aKJeapin7d1h349fSw1Pe
30040,87DMgBLBU5bMBfFbqLN79mn8AhyuctX9jVFxASMw5cG2
30041,CUpj211om34hWvYjH7eGvrjA3vbnapGGp22RkQEQkaza
30042,73K6QZv2rK6e2eJPa7nBjPRDtajBFVFVujqx8SHk669Y
30043,2kic8gYaNFrvvd1hJvmaHjLQExe4AoY9YUYR8PGFA3xB
30044,4iLRfA59UtAap3FBzPzL1CJWAWkUkJbrdug3GMMC4XmJ
30045,fyrDp21ncXkHqBZbqWUMQ8HGnzjetvpHpCyZsSAoxBX
30046,GYESdZuZ1eExuS1Ni9vUN3X88TMrazzPNGfCzcGsBM9s
30047,5tHNyNQFvJRmXrVoj12S6mpXK8WAUzgM6JUALMb6TRuf
30048,HNg6osNKwe2uTcKefBhbX9Sy73BDszw5EhWoHGENMDmE
30049,DTToEXpyDRcU36HEFbmuvEihBshp4S8imKw3txNGEW8g
30050,8yVqwFvyh9ac5aTSA1WkxurwbxmZNBFsPnv8LxbRpkRc
30051,9oHERRa8zaPhi3M9zGXDjydRtHPmUAKzEB2nyaHnJj7
30052,Axy4AZYyhg4XbqhbxSPJvbtDBHnHtAUBHseZtcu5EEf7
30053,6YqfLVkDSqoEFad8bKRLHpUBSruTWko9BByZUEbmrKNL
30054,6quVrXue4E4ZQppbsHB55eAyNQss2YZPeCgbeTHoTbuV
30055,6rJzncczhAJTVvCtLfEdW33gat3CmT87yFEK36Y7wHZ9
30056,9sShFAKxHQSbhRmSztqURgEi9F8KrAYuZ8TLAZhTiqJv
30057,JA96hh8eN2YS6CtZ5GC71kvYA5dZUH6CbkN1osM6tF2M
30058,6rJzncczhAJTVvCtLfEdW33gat3CmT87yFEK36Y7wHZ9
30059,EHWCVPPek2kt512pn6JQDKMdZ7R91gLad24dthVYjUQo
30060,7QNk1HEeQTf694APBHNRe4PKRKdwzxMcBFy3Ubj9z9Y7
30061,D53znUuQrjFaxkWmfH52JDyQQ9sugQgvqNAEgvAguzRN
30062,8vqnMPZL1L4i2QGeFQtAVhePYukbfDzEdwnQSLeqJ7Vd
30063,GwUptrHSadX65z2b76n1zMzJnetCKeJc4mTs6rUi99fS
30064,G2aUAB7A6HLyLsabWfA1zJRTy7BfNfKJBcrVXmmpoHQR
30065,fJgXL6DtWQwbv74997HkNY56JnUH7Kf2R3VSoY1Qe69
30066,6v77cA6fA4yrytwGUSuB9jfeoHM5ota6KMmULBkg1J2J
30067,CccdA3invTA3L3vunFyXXFvHFKF3ts593Wa55A2GKKyG
30068,7AEXu19FBYZVJcjzj5TCeBpcuUh2bXVgSFqRVk481WpY
30069,87kBQ6oAasnhuaENDvSX9NTa4N5qHhVHQDuBqxNLREWs
30070,4jphBN8fmUsocvC4ArMrB9Moicyo1ZuPSNBmGHFpPmbA
30071,mmGdMwUaNpo3dLyc96vaMRLwiPU6djAA2ATynmrHGM6
30072,BADnV5GHgsQyJvdHVrEwoCVjcRCfbxTbbXDRJLTczoaa
30073,Fu3ixGPoCVWRakGLtYKy28hmPadXzsKznqErmSgCnZhd
30074,GwUptrHSadX65z2b76n1zMzJnetCKeJc4mTs6rUi99fS
30075,Ag5hxyowcdKdAs22KTjtFbpDMwwxT1jzCh8GyRFJGRKh
30076,HWstmhmp4DDdZCyU9QgQN2j8PpP5DGwmt23kEsuusuuK
30077,EHWCVPPek2kt512pn6JQDKMdZ7R91gLad24dthVYjUQo
30078,Gfk3UZiMnnPCvg3nxojy6TQ6wkSaaqd93RxTUXNfmDfE
30079,iKpfbzhjGeTCqYmkMUrbsnoJ4U4gaYrDuZdKgyN5ckR
30080,4AfE8aDYy2VnkqLVAsziosyfTEs6HPgEycWKr7oUSttp
30081,EVT2cqk6PSdp6u9SxbbP6MJpKwvUDYx2oeHRSje7BhW5
30082,6g48mcUFsqXy9hxaQynEGdq77paeMfP7eajNmGZov71t
30083,HbnLEHWr1JjVKH82RPYriMLMQXfR6EM22ynndJZ2LMY1
30084,7ntBi9bxnhCkERZRoUXMuwvF7P4iYMEsc3S9ZtJoqxtd
30085,H5sVGgyYtNM6bMWwBPXShwcAziG6jDJB2ibpkQTfci4w
30086,CXsjCKZB4gGoCY23STZQnUyVnYD6jANU8XJUgvTocsLz
30087,A5YRsM7sSkea4ZiUXnETg5vx3jyVgm82LrX3AhFJqj9u
30088,A6dLGY8CEm6uqExUofzgbf7zhxnbxHbMdSRmzexfe26y
30089,BJhtTKP8s759oSoSYDNRJdKXd7v7bfUnCs33SVBK4b3
30090,iKpfbzhjGeTCqYmkMUrbsnoJ4U4gaYrDuZdKgyN5ckR
30091,4KBJfqekDQ1qXdj2uZF7F3QzUjBjdqDosNb55nUwbGmr
30092,4uZWCstgyj26eCzTy2Ro5fiyD5azqvCkqo4EQ8acnau3
30093,GB3rVKCuhX3rCrLNktEzxMDXQKJvT9BKh1jZ5VMAfk5q
30094,GjS4GZLg5v5KLX5xae4omRU5u6F11mXPhZ68LxsVdfnu
30095,8RNbJDo83hy3TCkCBYfgRiV4urQrxtf4QJA8KPcyjwr8
30096,6EvmU9rtSXkaFBVYFkdsCH9UTvELEayZ5ZdHv5iYs2Qz
30097,HnTgZezFLJVsNGuT68dKbzgdhTRzARJPkaFT6YQdJwXj
30098,6NUVLNK88mADcbXreVFNqyroR91yP1MGqzr6HSR1piuG
30099,FnseJwvAi6BsA92zjHx3kbSQkdV99kGKa2HTrvM8Fu9Q
30100,7UwBQLT7uc8DFabDUwRBgTCjm2Tprh79HoDwhPCap6v7
30101,CjjA4gwKvGZ1N2BrNC6t1ChyReabrkc6z9FFLJoLf8KD
30102,3BLWGrSbHqAZtNzQz7j4sdWYsgixE6yyxBB7iGFtMGVb
30103,6v77cA6fA4yrytwGUSuB9jfeoHM5ota6KMmULBkg1J2J
30104,FPUGrs9bymZC7UMoHAr1oMnYnh7Nj13U3Ler5JSG9fDy
30105,C7kUxhQVt1PvaaxCsXi6qF9RP24MmCi9pdxAm4AVRwse
30106,3dRhTSSGzGFamUkCtFuEbWNXEZQ8RKe92K79dvKczQm6
30107,4NUxsvv6KAAR17nVuGvtQ8FmFX3Ej82ZnnuMMjN5RvdS
30108,Lcc1RLchXbdkT1StCGiVQnb8EmvmTXrbaTo6AXjmvwA
30109,3g2X8fLNjBQ7CXNBTfjE4WcW5wQ3ee1YEDdyGgKybJbm
30110,GwYc9Uz9UUmikf9g276jd9SLQyQvEqSZc82m2vRp9rsr
30111,G6S3vB3ckJMxynHFDDMRy5AZtHnyQYmT531GkPaVdVgL
30112,C8Np2aovnsoDidSVq2SiB3dAY46e92f3ZVvvVU3TxyoL
30113,7xqgbS3fU8qRMuESi6dJUXygHe7U1bvzDqD3uULrZZpK
30114,G6S3vB3ckJMxynHFDDMRy5AZtHnyQYmT531GkPaVdVgL
30115,H8Cvwp6SESYL6J7Ff7XPQzsvW1ewvmfL1XUcdgTDiCLU
30116,C35WVe5uAj5UMSi2HEG1V5RqPkvwJ4uudxM4hixr5KdS
30117,Aop56aJH92vtPUWExyK2JCgzH72ydo9ykYfznLoQhaFv
30118,22CGpRrjpv5hzYSCpppHNvuzhG16ARrjdnH14Kv5ajap
30119,C7kUxhQVt1PvaaxCsXi6qF9RP24MmCi9pdxAm4AVRwse
30120,5yuZ4QunYeTsA1Xn2osyGBLF6zJEGhjhhoRrxv3RLnoi
30121,BKGG8UJujmjvpeGLJ81dKm6dk9sqdMqDmakPNc2GGfFx
30122,35i2XrcSBN8DRmUUf37wRaBfDezZ9wZv1mXTiWjUanC6
30123,7h4Vtp7cpSaXLVhVJv7wWBMts5dyrRLPEHRHMq5idZ85
30124,EfMmgbxbUkJ5p38LRiULc2m5KwSd4UPY9zWG5UQKyKGV
30125,HbnLEHWr1JjVKH82RPYriMLMQXfR6EM22ynndJZ2LMY1
30126,Bf9dcyNNXbQmzCx4YMLP4BAmVYYcsKyCJfdGVJqK2Z2x
30127,D3yaAXitJhiW2eVm21iySXQgh66vgnm3WJfM812Wek8p
30128,8wpr48ySCPUh8kY6zBpN4M3v1oAYgaVpgyf2KDXUuoaV
30129,8JE1E2PuyZooGixrEqqxoiagpY5HNNZfUcT1sTqyGrV5
30130,Cgfd6Y9rvA2ApgsPPypKsoBw3LyHGNSb19iGTPJgx2Z2
30131,Fg9HYEmQ6nAwG5u4iAhyYZbZCHEDezP1JEi882TPxLrN
30132,Xq6EVTy3fV2eLhrcgsvKMhmHiudZKAqFmMErVzNMW7z
30133,HhSTZmUuaFqiQHwHuLUHohg81xktZogygKNpMWrrQAiz
30134,G1CCSvaB12RufyzkkpXNNZ4agYyPR1rBDdT3d6CXGE8k
30135,7H2fjdHYNBottkNDy6x1te27cKBUTtDQfC7E3pgv1f5x
30136,mX4KQfX7rA5rsEak8AaqyYipNrPr5q2aw4wMYPwagGF
30137,GC9LGUiKr5qkVMY6LYP6j1fyWDzQH8w8Ao5vSAZxnrsq
30138,2AiNVdSfuar5at676eGRxeywPDjt3gULMEu8Gp2zeaVR
30139,4wzko8yQX3qAJBzt6PmrQtpajkhszdNwRrC3D2XLZfYk
30140,HoTZocQ1xjVbYdzq8sEDWY28ch54SqqJN93qmj7PhhrP
30141,6XFLffp8QDboLusSdKFyVweDJLuXrxqifcefF4JpFaWk
30142,DNpaVTkiQMiHgGXNMRzFpeVS9GwzZjQPGUxmZ2pEMakt
30143,4jphBN8fmUsocvC4ArMrB9Moicyo1ZuPSNBmGHFpPmbA
30144,G2aUAB7A6HLyLsabWfA1zJRTy7BfNfKJBcrVXmmpoHQR
30145,7H2fjdHYNBottkNDy6x1te27cKBUTtDQfC7E3pgv1f5x
30146,FnseJwvAi6BsA92zjHx3kbSQkdV99kGKa2HTrvM8Fu9Q
30147,84DWEA4TiA2eTWv4RTwzdVULUPiPwFiCMmuyyyu5ZPpS
30148,4CP2bH8rvDjQFmBmvhXmmggHVpDzXzpRXikG9XnZqrd9
30149,7cGkkG7rrnf2E3dimPkoiwMWwwy1Kc8XaNgzY8fspnZC
30150,9GsokGeZskatgyNiwv1Xv6jAYoasqxjfTcoajBCrmD8z
30151,CmfYoee9sVwSgw4GYPWMVsFCgGVdsHHpmnsJpwsWqcdy
30152,2kic8gYaNFrvvd1hJvmaHjLQExe4AoY9YUYR8PGFA3xB
30153,GLcT3fiWvhiDz6eSS5hsfhpUeHh5scpr4eB3VR7ri1RH
30154,Xq6EVTy3fV2eLhrcgsvKMhmHiudZKAqFmMErVzNMW7z
30155,CqkjZU58iqDgpruqbKzxMsDhBC3PCx9Q9Gn1cXDmgez8
30156,B2CC5sfjqYhExPEymn5Dy5395wzb61cVWKFvho66kRNN
30157,3BLWGrSbHqAZtNzQz7j4sdWYsgixE6yyxBB7iGFtMGVb
30158,8uHXy5rCQdki4rwRK6eAtoR316tJcgdcXyc5N1ezDBYY
30159,FKSPZvLju463oZ2FMEghxnYZ5379yWicsr1fqKmdCjQn
30160,6Ei7pRkqS5KPP77MrrE2pdNBEAyz5WpsSjYiJYKtR2Wq
30161,3BLWGrSbHqAZtNzQz7j4sdWYsgixE6yyxBB7iGFtMGVb
30162,C35WVe5uAj5UMSi2HEG1V5RqPkvwJ4uudxM4hixr5KdS
30163,ZScUtSLBGyKUN2zcaFV4dsM97aFVpLSfrtTj5etgmJr
30164,Xq6EVTy3fV2eLhrcgsvKMhmHiudZKAqFmMErVzNMW7z
30165,7H2fjdHYNBottkNDy6x1te27cKBUTtDQfC7E3pgv1f5x
30166,HAFyrNXYwstw8rCEBA4KgwjC7bzpebE49R9sDnGEEzDa
30167,74XXBvaKbgSFxMdwSasJE8p3szTsS69fZk6NmUY9cLdf
30168,Fgx9WJkK1cdK9op47LYUXNzi42RJZfV1v8i3ALBz6cy7
30169,CccdA3invTA3L3vunFyXXFvHFKF3ts593Wa55A2GKKyG
30170,HhSTZmUuaFqiQHwHuLUHohg81xktZogygKNpMWrrQAiz
30171,7MvdE5D9g8demfTPvo6JTaqbMSvvxo3sfFCrux1qoye4
30172,4jfevPD5Q6NYCtBXCxcpxLWw4J2eydt71BB5uPG4eZJb
30173,JA96hh8eN2YS6CtZ5GC71kvYA5dZUH6CbkN1osM6tF2M
30174,94KFzzXCAvEfSf3jrnUpyN3pne8Xfc6nroB7UxTVqeyB
30175,FK92XP14G5pNxqmwYKprc7Q14p11SUaymLEi5592YPnS
30176,D2ULM2sYYSjY8UFqZ9vuQw5BiVuoeKUMKQeiiTn5EKXd
30177,7H2fjdHYNBottkNDy6x1te27cKBUTtDQfC7E3pgv1f5x
30178,AG25ARitey2E2kUoBHSRnUSWLNPErPsvMyGqQCVfQHFG
30179,EQcxN92Wgktomfr9DbMkVzXLpqJe9wHrLQKP3wVf7t72
30180,Cf554mgKNkLKdn5jCfrGZiuz7oP1CbEmbehm2U5q43nn
30181,E1iAeafp9XLQLCu9ErENUxZiNPWGQNCW3F3EDFbpZJvx
30182,6VHKRsV67Hx6zUWdQs8FVNFW7Qb2SBsEd6jqMRD5UVGf
30183,7ozEZ85JShXE8nTYsbarXQEzSLcVUxbVBt5SYJtH5niK
30184,mX4KQfX7rA5rsEak8AaqyYipNrPr5q2aw4wMYPwagGF
30185,C9Uz6CwHMc9LkGt4SV347k8srr9WMcBT21VKT8KJxeLw
30186,253RtmeqfB5NajwSUyn1j8a2vZ4VvUMRE4GnHgRMibpP
30187,HfW97Lwm186yH9WWaq1RF322nVyn8vVmhSgy92bjBZkt
30188,GnvaCkdyLqH6ZrGjQCroaEyG68EdAQcYWoJXRJhg6GvG
30189,2SBQ287FaSs7NABv2SZMTQMfgdLkg9PGM5b11FPjR4Fg
30190,4XXBNyDTBKETdRUyb3qsUh8GQVsDzBDoiCUAxV8zgJcT
30191,87qoCeVpcVCugVrwSrWqKz9Z2uXNEkkbQC2xK4Ncz7eT
30192,3MQyT4Nq9M1XT6NFxmBT7niExnxy8BXKDfX9zC6LmP5c
30193,5yuZ4QunYeTsA1Xn2osyGBLF6zJEGhjhhoRrxv3RLnoi
30194,FZSBcGtbyudThsLvsVzKuWrCxcmaD7wy5UwLEfqxSEqG
30195,2kic8gYaNFrvvd1hJvmaHjLQExe4AoY9YUYR8PGFA3xB
30196,EHWCVPPek2kt512pn6JQDKMdZ7R91gLad24dthVYjUQo
30197,GzQ4K4TJe6r8uEs8y3gWUaMecHefHmvAGsfkmyzyRSKA
30198,EJD9Uu33XKj2ir2S6NqKqHd1yKKPxHMQM6SLKecBq5P8
30199,r19dpxTRJPc7okMyZruPXFs5osFhG39HsPmXC7LDtVa
30200,D53znUuQrjFaxkWmfH52JDyQQ9sugQgvqNAEgvAguzRN
30201,HKN5xJvVDwX92ZPN6HKCd9uuFVDzT3y2w8Kkh9jXRWiw
30202,51zDn2MMtVxADPqUN8p9krUEQ8g3xYNG3op3FGSpMr4j
30203,4SRRYMB8LrErYjQfz7t1vDCWPn9ARQM8oiV72V769Tow
30204,6nsTRGdSts9Gu4e8n2jZpRjYaXJLbTouK65aMmpDk5q1
30205,C7kUxhQVt1PvaaxCsXi6qF9RP24MmCi9pdxAm4AVRwse
30206,DNpaVTkiQMiHgGXNMRzFpeVS9GwzZjQPGUxmZ2pEMakt
30207,3edU4Tde4jvq5K4ngjm61DA6soxEGzmXbHXBTsUdHg3k
30208,6S2FKgZ2QBzKnY96sxeFZQYopVL7226qMxnF7wyKEdyW
30209,HXg2xDzpV3Tzk9x2dK62wXxw4EDAt4DLz3SCpZVd2xiF
30210,Fpwz76uUTkVS1KVV5ffK2wChxiaSiCKzzMGCrGsKtXNS
30211,GB3rVKCuhX3rCrLNktEzxMDXQKJvT9BKh1jZ5VMAfk5q
30212,GwYc9Uz9UUmikf9g276jd9SLQyQvEqSZc82m2vRp9rsr
30213,9Dyccozcu9m2e584gigkHGoPWLgf3j72pCwhKLeXhzQ1
30214,A9c5icbj9GuTLhrg93nRwkENqPZNcSBBfvPxXcqB9X7Z
30215,Ehs5mH4sJFpafjZjL6p1qQmXJeiVT9CZvpiMay6WsJLF
30216,9nvxWaidCJPgEiVNrZEB2xzgsf5eDcyQGqjAb6hV3Faf
30217,J3eJaLf97zUeWwQ2D5JChj4t5dBvYeVs5KzwQCxe3HZM
30218,4F6J65BByd2eWHJ26RnMnR7vnxPqxNBF9EEJFwSHJsBW
30219,5hUgQSycZqzisg5yXfzzK8E3pvofTjvH2AHkguSRprWj
30220,GwUptrHSadX65z2b76n1zMzJnetCKeJc4mTs6rUi99fS
30221,3448CZpJ5aH7YqJkdTvLBnCtGUKioHggr8o9iQPU5vK3
30222,F6QpLpq6fankjhQviWWhmFqh7cySKYusned3Bridvk5R
30223,BX7V6Ea8pkniD7boCt4NpNtyALh3YBjiXFNCqzdbV4pY
30224,4p2ZjsJyQ5cmMmt2ViENEKYdZSWhvC64GEuyhVnBBL9H
30225,4KBJfqekDQ1qXdj2uZF7F3QzUjBjdqDosNb55nUwbGmr
30226,8dbR8MtEnfJj6E1GA2qvZFJQ4oh8bXbzfird2L3J7uVe
30227,Xq6EVTy3fV2eLhrcgsvKMhmHiudZKAqFmMErVzNMW7z
30228,hLBbeZW1nPBuF12115UwMayTYNZiyyp5dEvAgBLfch3
30229,CS2GVFbpxmNsPmNzWxi7UN6gTviEX9oU75x84tXy2LTA
30230,5hUgQSycZqzisg5yXfzzK8E3pvofTjvH2AHkguSRprWj
30231,HnMraKW9zMD7A8sgc3hWHsRnZRJSj4J34WRKZRST4yq6
30232,GTcv7RzH7FHPgyn9gAShoFn8kx6zs7TEkC2qkxwc3ALJ
30233,HtkkRAayT7nCMRp4LcR8GFTbGZVuJvwSgHdS8j2F3a5X
30234,Xq6EVTy3fV2eLhrcgsvKMhmHiudZKAqFmMErVzNMW7z
30235,fjoQahvWfJKvL2aKHD5rApD7MwCPJNNLbAuvqujwEVk
30236,9p2UXgohM8Jqudb7b7QQEb7bTzeSsDdfgDTLotoYPGny
30237,DBAMcasPmgSrStwH82DhVSKaWZrsjUR3nz6M3vc13aCs
30238,DaKDiSaA7ae4FxHhBbG2AaZ97DMaxU8hjRppNye5mYia
30239,7DHGjDc64SbaJpdMfCwS8UubDXyXL1c4vnt7ioZAtRWe
30240,F92Kkxzfh6HnbgVJCyhq3mF5qgMADTx3jcLxg7PspxWF
30241,6iDsqe5Yy5UnmbaXt4LVseuAfuPYBuGXHeSqbJ18HaAm
30242,3ZdrdyS1ByXQdnASEmMu9JxUuQiJbwPzzQzXo1VtXFke
30243,ketFme6gQo6JFdUXytXLWFZK4hvNGmyHw5QDCt5jvtQ
30244,FQnJRA6XCLRpcexUyy5kpxtE1mRcbKZCjQvAo388Xbqc
30245,2oi1Uqvtvdo8MNRJzxhTVjKsAuLX4VvaepkcurBfBDqC
30246,HgxSyFcKL7R15Z9Vj2NPCG3tLXNGpbQeEd24V3PZ471s
30247,GYBBZjSByAZcESiEKMFVvZuv2ENHj734L5pStKCPQRXU
30248,Ga5K7tiCZPPitmcnR1evPJgPAU8Dm2DNw9unjNq8ABTG
30249,Xq6EVTy3fV2eLhrcgsvKMhmHiudZKAqFmMErVzNMW7z
30250,8gnPd5jVVdjGREYpx9fJLnEWef1LzPq6HvWJSSDct7Uf
30251,6hTpdC3udnoGLapS1Uxrt51sBRcDH3finesjETPqrHjK
30252,BYPQLo7SnhMp2Y9geafwAYqMm8u8uHnqDkdQPV5YaF4Z
30253,5jWhR3f6U8mHmFxJiFoCuhVU6nQyhDK1qR9GjYgHJ6cH
30254,GwUptrHSadX65z2b76n1zMzJnetCKeJc4mTs6rUi99fS
30255,C7kUxhQVt1PvaaxCsXi6qF9RP24MmCi9pdxAm4AVRwse
30256,HRKiSD2AfheGbsSMLUTzU2UNquUE6Uq7QdM7z56Eu8mH
30257,EcS3yYXmucNgrTm5pJQrxA1NADNRHWrvGfXLBJ8AsjLQ
30258,ARdWtm3syQBj2EC9xUdTPjFGdPb1VWWad3jkoAeQcTre
30259,9C3zTcni9DcG7KvqoyL4KrHR7U827EptT6AwKuk5dbJW
30260,HbnLEHWr1JjVKH82RPYriMLMQXfR6EM22ynndJZ2LMY1
30261,7T8WYKUdd8HFSWG48futoM7MYrFQAZQgDfXp56BcWbdJ
30262,5m2tfCEioDnydf4FpJxw9SS73RA2jTighUEppxfrJ8Nz
30263,H8Cvwp6SESYL6J7Ff7XPQzsvW1ewvmfL1XUcdgTDiCLU
30264,2PbEhwDCLVsK9bZvG8bxNcTaZCa2U3cRountzMjyu3kE
30265,3mHs9zr7uUA2isxPFdmaomQRqsQTaKJ3A5pyZAq7VPLn
30266,DTToEXpyDRcU36HEFbmuvEihBshp4S8imKw3txNGEW8g
30267,G4oZr6bBCW3TNGXemv6osfVZs7jQPeNPH17crmBUEyLL
30268,2MgwXQ1HJh1j6DAdLRESzR42dbBzBS8y5YFiy4e1BEx5
30269,HRqqFaNYGxGEMSZbECU3NDFUnQ4rriqy3BToKduSxFEh
30270,DX8wBjZ4Gb3XJvhvEwZuswrxazJPz7FviXehCcpYi7JP
30271,C7kUxhQVt1PvaaxCsXi6qF9RP24MmCi9pdxAm4AVRwse
30272,Axy4AZYyhg4XbqhbxSPJvbtDBHnHtAUBHseZtcu5EEf7
30273,77LR7bQzGkCdZ2hfhhzrP8T2WYwLzVLQVwaHK4TkX4FC
30274,HoTZocQ1xjVbYdzq8sEDWY28ch54SqqJN93qmj7PhhrP
30275,62ndJfJpys7tmNriwQbakyWpGoe8ZgnGAMwGbYmCUuD
30276,AqFDccik3n4NdBaStFYG9pcFDuL5pTWRPmvkMT7FstCJ
30277,54XhyQfijwiG9S3jroV45c3P5aMb3xwKNdx9XiWVrLM4
30278,DBAMcasPmgSrStwH82DhVSKaWZrsjUR3nz6M3vc13aCs
30279,Dnz2w5wxrTRVyPvYZgAuEPBkV5kDFUeCFy1XieCJrBuE
30280,WVBQZAsiZqPVWFmLmkCidpbrQvU1Y4tSpsBeBEp1hQG
30281,FZpLq3rFXERXhisLe2ZrmbYxc5zZdMyjLKiiLvJngWtz
30282,8tX7mJJJsbhA6XevPMDQyCb3RFbiKnaRbewdjbGSoRLc
30283,EuDZVBbWAB6hv3hAdj1gLfC4JrHtuExZxF2jfycMpWFJ
30284,2Y54pdPXsZuwJkmqDoMAtGng4MVgDQ19bJLBCFzCHDTB
30285,GfqNkaPrHjdiTuwTjUS9nKHVdBskZux4cpSvbD5LsY8S
30286,6mZnKPt3Mq4Sj8ADneAtxN2a3yGKceso7HNQK7dowHm2
30287,G2aUAB7A6HLyLsabWfA1zJRTy7BfNfKJBcrVXmmpoHQR
30288,4YQahZDiDXGtb4TiNVVyFxGt3f1sK2q9KRPBQckr9JQV
30289,7TLTymY65e8UWFmdHCfFnupPZWToU4px9sCPxDEANwCZ
30290,5eRTgQzHSHwicPZrUwhhDphr2sZjMzJ2nGejxCVCzzyc
30291,4bQG6Utp8y3M7FjuSvrYVC23ArMnHa5t4kBY6WNX4Hrc
30292,HbnLEHWr1JjVKH82RPYriMLMQXfR6EM22ynndJZ2LMY1
30293,62VF2UZxppWDv3Ne52LDE8AhbMmqTByaBC7m2sfJJDbA
30294,5yuZ4QunYeTsA1Xn2osyGBLF6zJEGhjhhoRrxv3RLnoi
30295,7QNk1HEeQTf694APBHNRe4PKRKdwzxMcBFy3Ubj9z9Y7
30296,4sbN39tGRx3HN4xtUdzmwpGSSAfMqgAPQ1iWiuam5FEy
30297,EcS3yYXmucNgrTm5pJQrxA1NADNRHWrvGfXLBJ8AsjLQ
30298,HisQcQxxdSUTpMrPLQdwfvknBGheQqLUBpToQrVdngsq
30299,HPh7FxNb3cyMDDhvpG292STS5KSmPYq1PiwehtW3DvVp
30300,JcxpqX9AF6dpPPU1xbnrK31HaH25oSMubnuNK5azGjf
30301,39MjPvvJqjdXECU3HxqEW4qnb3E1vAkTXNWKFY84Gwoh
30302,DL76Eam1gvPsQf4oUmUEkZ9ah3xndoZZtD8mX6yr1YZz
30303,Xq6EVTy3fV2eLhrcgsvKMhmHiudZKAqFmMErVzNMW7z
30304,4YQahZDiDXGtb4TiNVVyFxGt3f1sK2q9KRPBQckr9JQV
30305,CzHqTDgk58QSc5znEizmMxtJvSm5P4K8SsaXQZDs5usJ
30306,DaKDiSaA7ae4FxHhBbG2AaZ97DMaxU8hjRppNye5mYia
30307,C7kUxhQVt1PvaaxCsXi6qF9RP24MmCi9pdxAm4AVRwse
30308,dVvkDbz28C51VKsmjKNhauJMid9Nuk4MiFb1mZXXQ3t
30309,8gnPd5jVVdjGREYpx9fJLnEWef1LzPq6HvWJSSDct7Uf
30310,Xq6EVTy3fV2eLhrcgsvKMhmHiudZKAqFmMErVzNMW7z
30311,E3niFumbEy4HLLaH16gKYpZ9CnhjD3vjBvw4TMyeQryk
30312,C35WVe5uAj5UMSi2HEG1V5RqPkvwJ4uudxM4hixr5KdS
30313,9bkkeNJL9LjNiWpvNUUPQy3job8KP9KDtNX5DuT7muGP
30314,GwYc9Uz9UUmikf9g276jd9SLQyQvEqSZc82m2vRp9rsr
30315,cJgubijyaZcBUvMi3PpAXnZT2Sy5SQqzPYs8S3axuZT
30316,4YQahZDiDXGtb4TiNVVyFxGt3f1sK2q9KRPBQckr9JQV
30317,Xq6EVTy3fV2eLhrcgsvKMhmHiudZKAqFmMErVzNMW7z
30318,Xq6EVTy3fV2eLhrcgsvKMhmHiudZKAqFmMErVzNMW7z
30319,HsQeQzM2uBgWqZt9oS9wxjqJ8xF8GN6tMFCS6sTW8ocW
30320,HRKiSD2AfheGbsSMLUTzU2UNquUE6Uq7QdM7z56Eu8mH
30321,BYjKDAtfAh91TgR2r2P1uanwmaquNi2Qjy2jdcNVMffX
30322,6gqUqD1dtzAnJsL2tMN9zQgF7QgNMhActEFwM1Nw9LML
30323,5KhgmFJkJSnXGZQUVXnorvW1S5aXges8bjgcZ5Nz2G6E
30324,3qUpFZWpEEPvZq5xjnpBKvMHa8sxvjdBwKJ4sACZJ8wt
30325,7sGayKe7zWQ72PGRLWfQH1AtMUGkoTiG8swKZCYMmUn8
30326,G1CCSvaB12RufyzkkpXNNZ4agYyPR1rBDdT3d6CXGE8k
30327,3dRhTSSGzGFamUkCtFuEbWNXEZQ8RKe92K79dvKczQm6
30328,8arRjN8Kg8tZhhkQsoXg5y29DBHKEsxknGuUBqSHUC6i
30329,6BLftRXBEWMypeBv5dYVkQDtUuVg36tAgN42f1EQBBKN
30330,Cgfd6Y9rvA2ApgsPPypKsoBw3LyHGNSb19iGTPJgx2Z2
30331,J8KH2UnjMYFDE95bQ5ZPDHYd5asieuzetW4yZV8nXmH7
30332,99E45zXCJ9vaezroELmD5apbUzczZaccbxVNNfy3SicG
30333,GVzLbfVGZrK5MFnmyZgarj47EYu7NZJ76UKQZhD5J3wd
30334,FTVy1Zqrw6At9NJqfHsRmEELHGEN3bKfRfcUDyi2o5LH
30335,Xq6EVTy3fV2eLhrcgsvKMhmHiudZKAqFmMErVzNMW7z
30336,253RtmeqfB5NajwSUyn1j8a2vZ4VvUMRE4GnHgRMibpP
30337,E1iAeafp9XLQLCu9ErENUxZiNPWGQNCW3F3EDFbpZJvx
30338,7sGayKe7zWQ72PGRLWfQH1AtMUGkoTiG8swKZCYMmUn8
30339,J3eJaLf97zUeWwQ2D5JChj4t5dBvYeVs5KzwQCxe3HZM
30340,CgvwGXQvroh3KLQ8KmWU4PVHiKAQtzcCwcXKSHwr2ich
30341,Xq6EVTy3fV2eLhrcgsvKMhmHiudZKAqFmMErVzNMW7z
30342,BKGG8UJujmjvpeGLJ81dKm6dk9sqdMqDmakPNc2GGfFx
30343,GiaUcFz5MHXZSKW6sguDzwFDGR2rPkHmP6RH1zg78cmM
30344,GfqNkaPrHjdiTuwTjUS9nKHVdBskZux4cpSvbD5LsY8S
30345,CM49racz1ePrxyg2ScChdk8kPVxpaNSV25EvXM1jceio
30346,Dd5ctiry8N1FZ3pWYYX1n51poRav5KpWYyFeHyfLC83P
30347,HbnLEHWr1JjVKH82RPYriMLMQXfR6EM22ynndJZ2LMY1
30348,H8Cvwp6SESYL6J7Ff7XPQzsvW1ewvmfL1XUcdgTDiCLU
30349,B68L2X4DyDTa43wD6hUhtU8BTHNMyZKbsvxuxjZ3K3vu
30350,Xq6EVTy3fV2eLhrcgsvKMhmHiudZKAqFmMErVzNMW7z
30351,FZSBcGtbyudThsLvsVzKuWrCxcmaD7wy5UwLEfqxSEqG
30352,FZSBcGtbyudThsLvsVzKuWrCxcmaD7wy5UwLEfqxSEqG
30353,BJhtTKP8s759oSoSYDNRJdKXd7v7bfUnCs33SVBK4b3
30354,8fjF6uG8ci43zJVBa1wTWgLbiVottF3QJ5s1vp2ahyzR
30355,7dLgfoJTbwF5yWbrtBxhYbRxqzYbdLQN5T9zMrzUoVsX
30356,3B2QG5eDRoaLxKPpM57JdLK4BL5T45q9bYZNtjc5Gx6t
30357,CjhMULihdSYhAK8A1f6CRLo5u7JVVsP6YZTjbKS1c69F
30358,CjhMULihdSYhAK8A1f6CRLo5u7JVVsP6YZTjbKS1c69F
30359,AKzvwKUXXFEMHYBbKoF7cDjetRTCtKzPyNiWYJpNsZ5S
30360,5jWhR3f6U8mHmFxJiFoCuhVU6nQyhDK1qR9GjYgHJ6cH
30361,2RbKZjkqrEUFPTxCc4DDg7ZaWW8QxftKuuQ9W44YvGcK
30362,2PbEhwDCLVsK9bZvG8bxNcTaZCa2U3cRountzMjyu3kE
30363,BKGG8UJujmjvpeGLJ81dKm6dk9sqdMqDmakPNc2GGfFx
30364,5SdHHn4Cz5Nb7EVK1jE1fMoBwDnAncCG7FZiHKTrhANu
30365,7N6piuSaRdjTLfmp3EhHJdSyy8FaVZ4XxfSq34uH6Hv6
30366,6rJzncczhAJTVvCtLfEdW33gat3CmT87yFEK36Y7wHZ9
30367,FTp98L6s8KF4NAZWw9iKH2XWMX8qtyJdw1d83Fq66eSx
30368,CccdA3invTA3L3vunFyXXFvHFKF3ts593Wa55A2GKKyG
30369,Axy4AZYyhg4XbqhbxSPJvbtDBHnHtAUBHseZtcu5EEf7
30370,4uy3quPi6Uk5vq75YvW5ftkYNq1QcYainEZGviBTa7ak
30371,AsNfTD7C4TDZvsJ6DTYX6n3q3AF5wrqXwbH7nXTCt5z3
30372,hjDiEUWNCekVM6iq6B7U98nxNgtDZW9m1CZ79R6yJBY
30373,5yuZ4QunYeTsA1Xn2osyGBLF6zJEGhjhhoRrxv3RLnoi
30374,8e7dw6Z6CCS1Kant8TGn9p5DsKt1D16xabSiyK9qFk3R
30375,AQfV6JkvnoLZ5hBWc99bq6ZV7nr6bdbMHLLCWGty5dmc
30376,Bk2jeKUQMK543yqzohkFAgBrwdB4Z7T1mWMbd1yYPds
30377,FnseJwvAi6BsA92zjHx3kbSQkdV99kGKa2HTrvM8Fu9Q
30378,DNpaVTkiQMiHgGXNMRzFpeVS9GwzZjQPGUxmZ2pEMakt
30379,EpoYvnJsRMLuEZ6rt8Mj2t5oUtoykm532jpdVtbEZJgZ
30380,7jAUNgXUi61zC2Kf4ze6tz63M5beCbiJX5KoRw3pM2ZY
30381,HvjGrYBVx3J6UE8dur2xtmwRuww1Vs9ZpNNUZ2uQpbKp
30382,7RMrHqduU6YGCJPC3Kvv6TKRAMyR7HdF1LRyHuztdw1s
30383,H8Cvwp6SESYL6J7Ff7XPQzsvW1ewvmfL1XUcdgTDiCLU
30384,34YwBF8MqvQ4fif5R7tZsN7XGSqTZ6qnddJhoyFyMAiZ
30385,GwUptrHSadX65z2b76n1zMzJnetCKeJc4mTs6rUi99fS
30386,87Zd3a5rHsoVmAsTbJJBKXwXU6dhEwKr3QfasGKVd7z5
30387,2RbKZjkqrEUFPTxCc4DDg7ZaWW8QxftKuuQ9W44YvGcK
30388,G2aUAB7A6HLyLsabWfA1zJRTy7BfNfKJBcrVXmmpoHQR
30389,AG25ARitey2E2kUoBHSRnUSWLNPErPsvMyGqQCVfQHFG
30390,7cGkkG7rrnf2E3dimPkoiwMWwwy1Kc8XaNgzY8fspnZC
30391,ETv2idiPjun5RReJNSLBd2RUMcYSBMqjFQxhVpLeDqkm
30392,DroC3DHjEyumBRPemTTxhfVr4d1s2b6T74HcNRuwvkUf
30393,32ByKf8vuiaBzLaY5gN6SD3cPTqG6AzJeCvW8xZwwHbr
30394,7N6piuSaRdjTLfmp3EhHJdSyy8FaVZ4XxfSq34uH6Hv6
30395,458jv1icrhJfWdoPbWsFg5bsPkAC3VUGRqPNGqZeJ7Sg
30396,aJRksKcBxTYB1zqKxsZDTXFygMJ3MUPDE9h9XAXXaBt
30397,BGAib8A6Dv1W4H3CqUPDVc8w1Ru6GszcZo7VSywBcEX9
30398,H5sVGgyYtNM6bMWwBPXShwcAziG6jDJB2ibpkQTfci4w
30399,HfW97Lwm186yH9WWaq1RF322nVyn8vVmhSgy92bjBZkt
30400,GwYc9Uz9UUmikf9g276jd9SLQyQvEqSZc82m2vRp9rsr
30401,6NUVLNK88mADcbXreVFNqyroR91yP1MGqzr6HSR1piuG
30402,8uHXy5rCQdki4rwRK6eAtoR316tJcgdcXyc5N1ezDBYY
30403,6aCmUVypAFHURtS2f1rasosqsm7noGDLrAUeYBKCxYx5
30404,2N14JcDVET2t2VoKfJ1K7R28pTJiLyhpb6GS6zFT9F7d
30405,3eyYn7syXMGHqZ8NkSqetfdp9fWADyyELabGteDPTFFT
30406,UkzKBuEtL8ZTsQy5ZnKSB4DFMHwLQvngDYsSBw8DCGT
30407,HJNaLfyeUhAiMvZQPfTVLZUQVgbkhAY1bJVjucGRgiLy
30408,9DWREMQtcKKcZRzqBi4kWKp61TW9MhASCVE9biCX7tvD
30409,3BLWGrSbHqAZtNzQz7j4sdWYsgixE6yyxBB7iGFtMGVb
30410,HtkkRAayT7nCMRp4LcR8GFTbGZVuJvwSgHdS8j2F3a5X
30411,6NUVLNK88mADcbXreVFNqyroR91yP1MGqzr6HSR1piuG
30412,8U9UfWo7ZNW6d5NRYMt3oiP7cVLiSQGZiYpq12RdaoVr
30413,G2aUAB7A6HLyLsabWfA1zJRTy7BfNfKJBcrVXmmpoHQR
30414,DNpaVTkiQMiHgGXNMRzFpeVS9GwzZjQPGUxmZ2pEMakt
30415,5yuZ4QunYeTsA1Xn2osyGBLF6zJEGhjhhoRrxv3RLnoi
30416,5e27Qkimu9pB4R5eUEagxMd1tpHz951J7AwcJNwdtMH1
30417,3xF5EvLaDGUmGNFbYWZ6Bc8u835EanupDdLPuQu6cABW
30418,E6gtYUmFLbfiEMyeHa9uQpoyS1bqH2Zi3SKYvTALkdvQ
30419,B75GPd6LgwBFSZ7KFuvCkMv1Wp7cLXXYzfWSKHM64snm
30420,HESDr2zD2CVNtEVR5f2jvR92AEdWtx4841ZpA9zCYfA1
30421,Xq6EVTy3fV2eLhrcgsvKMhmHiudZKAqFmMErVzNMW7z
30422,DaKDiSaA7ae4FxHhBbG2AaZ97DMaxU8hjRppNye5mYia
30423,CNTh1APUYhm477Mor2rk4mW61jb8nRmb1QbPacS8LxBA
30424,HkRbqBmB9r6M77FD4QxLfe1EgXUz3dfMxbp5YVe28pQD
30425,4fWvQVTywmb8Hm6z8iZDzQtEWnzuzTdG5dRSLnTe3HMD
30426,4sWCdfFXQqqvJs1TcqoFWaw7Bbou1zGZqQN3s8dSQSsJ
30427,DM7pxi7CRwWrJb43nSJ56EwD7PErHzupamoYAxGMsfKj
30428,3B2QG5eDRoaLxKPpM57JdLK4BL5T45q9bYZNtjc5Gx6t
30429,BzYhx2B6FF9fzr9gkDm2pawcfUHeQP1PeMWjB7mtVB9P
30430,GUTxaEAhD2N4jWfWspBXaF8wFnUPxQhUDuEVab8T24tm
30431,F6QpLpq6fankjhQviWWhmFqh7cySKYusned3Bridvk5R
30432,CBEv8v9XZrgFT8UdEdd813XnRVv9R7GB5PLMyG8UWGC8
30433,Hio6PkKbgnKs7fiamvbe118WuoCcYL7vgb4oUF9NoKy5
30434,J2BysNJPZqbz29MfTAKUBR4nZ48avAsbxPLKEthy99yo
30435,H65e14obSTsuDXcYijLpq1yXjo2ARAUXwQyi2REMsmHy
30436,JAPHq4mGg4u9b6f9XA1mZM1eKrk6kRrMuWGjDpdjC4Wo
30437,HyGZ2thewvufHEspQBt5mG6UbCswiFkX8VrzSbAicUeb
30438,Cn4fv2ZL8ZFYFDEYNtwC6GkR5bApJevQVpGD3P41eezw
30439,gvmtTTUNSbsPLKpwmBWMJ3rMBhcSMMCpQ9QNZT3Map4
30440,e82TbfCLbPdhDRm7EE7fL3h7WHtNMyF73XQtVcLNS1c
30441,G2aUAB7A6HLyLsabWfA1zJRTy7BfNfKJBcrVXmmpoHQR
30442,3KNZ9i1dLNNqpBTKEkTgUQs6TNCd3bzuy6HwfoXACaRs
30443,9PTS8eMzQyMH1rogp9KFuNhqtbDghTppELNaza8v2gmL
30444,52eXpg6Qjggtksrsw7RxYtd2Ag7RmMPq7xa8tkEf74T4
30445,4sWCdfFXQqqvJs1TcqoFWaw7Bbou1zGZqQN3s8dSQSsJ
30446,H5sVGgyYtNM6bMWwBPXShwcAziG6jDJB2ibpkQTfci4w
30447,9kguvX5wfDtcycvYpgSsvbrKMF5WBTSpxNYov6RhtCA7
30448,JAPHq4mGg4u9b6f9XA1mZM1eKrk6kRrMuWGjDpdjC4Wo
30449,A1wvnUdJoTuEQxyuEr8NtvarhucpZryyXvW6UNxjGkFX
30450,GwYc9Uz9UUmikf9g276jd9SLQyQvEqSZc82m2vRp9rsr
30451,FXBwzxYN3GvWJwXjpKMfnuQCF3by9CaL2j4r9qt8VqF4
30452,AGBmkWFrYS1N2FM9PHot4JYxs1jrQy8CQo63PG2JqGN4
30453,6EvmU9rtSXkaFBVYFkdsCH9UTvELEayZ5ZdHv5iYs2Qz
30454,BUHLPyqPZxSJRqpMGuVh4Knkc7SAeVhHJt2TftQJgEpg
30455,6VfdqKx7XP7JvzkajrqnNeqcpFGQTXYsdG8z4Zn2tpWz
30456,iKpfbzhjGeTCqYmkMUrbsnoJ4U4gaYrDuZdKgyN5ckR
30457,G6S3vB3ckJMxynHFDDMRy5AZtHnyQYmT531GkPaVdVgL
30458,cyzavZrt2xqCGFQqiJtGYbgUaLmFAPhFyVaitcGkk4p
30459,EpoYvnJsRMLuEZ6rt8Mj2t5oUtoykm532jpdVtbEZJgZ
30460,E4ps7WZnXL6DgyLpQcFZti5Zf5xDKQKSv7V444m8KZYU
30461,CZiRHmqePKYP2hnWfuW6EsWsjYrsBdG91tXXXHs84JuF
30462,4sWCdfFXQqqvJs1TcqoFWaw7Bbou1zGZqQN3s8dSQSsJ
30463,mmGdMwUaNpo3dLyc96vaMRLwiPU6djAA2ATynmrHGM6
30464,7xSX3jvraodTwL2AS8Q5ED3S5mofnN8DaDVih6zb4N8T
30465,7xSX3jvraodTwL2AS8Q5ED3S5mofnN8DaDVih6zb4N8T
30466,A9rThXw79qaVig1GWyp2qHpzvQEx778B5UvHzvfz3rWf
30467,EHWCVPPek2kt512pn6JQDKMdZ7R91gLad24dthVYjUQo
30468,EpTJsnmia3h3VKQrZJR5KQrL26qpwXS1VjVBigfk2yb5
30469,FXe9FXTNxvZpzrkQHJwqBHdAydgLCf4ci6dnTz7y3rek
30470,5yuZ4QunYeTsA1Xn2osyGBLF6zJEGhjhhoRrxv3RLnoi
30471,9B98fmxowLqjNuSqL9kiNP89ZunmwgpJMgeZJCwXBErL
30472,6iDsqe5Yy5UnmbaXt4LVseuAfuPYBuGXHeSqbJ18HaAm
30473,C7kUxhQVt1PvaaxCsXi6qF9RP24MmCi9pdxAm4AVRwse
30474,H8Cvwp6SESYL6J7Ff7XPQzsvW1ewvmfL1XUcdgTDiCLU
30475,36FfzrMCcvSdK8ZGgSwgdXrD12P4oz9YJoAxxk2pf7Cn
30476,6rJzncczhAJTVvCtLfEdW33gat3CmT87yFEK36Y7wHZ9
30477,FyfNXdwTY9YdkY3GCCe92Lv1XMYi8D6NKnspAM7JYYLY
30478,HsQeQzM2uBgWqZt9oS9wxjqJ8xF8GN6tMFCS6sTW8ocW
30479,3NY5Hrvf3CqXreP4caFjVoYF4t41X4ybfwuBNyDKbaQy
30480,CgtSvS8FGWxLCg6FZMhVu2ihZhoLuHkfvMUqS3vPCEJa
30481,CgvwGXQvroh3KLQ8KmWU4PVHiKAQtzcCwcXKSHwr2ich
30482,4uZWCstgyj26eCzTy2Ro5fiyD5azqvCkqo4EQ8acnau3
30483,F7D16oJCuC9Pq2NArwFu1AoB73LdLaSTDXwDD76wt8Ff
30484,ADviVcQVefLH778E3pxoHNYURoFTCdLcNxPcq8hMopNb
30485,55HALo7xwMgQsziPinNEZkoELuvGRz6VYFFv78xApf8
30486,cyzavZrt2xqCGFQqiJtGYbgUaLmFAPhFyVaitcGkk4p
30487,8vqnMPZL1L4i2QGeFQtAVhePYukbfDzEdwnQSLeqJ7Vd
30488,517cQpvm7aqKJ3ZhPocppto3QnqKHRH5jDhiSMHnqUDN
30489,A1wvnUdJoTuEQxyuEr8NtvarhucpZryyXvW6UNxjGkFX
30490,6BLftRXBEWMypeBv5dYVkQDtUuVg36tAgN42f1EQBBKN
30491,5yyUAcJq7pWdQoxLBL1opKspCYvtzFvbefPkA816mDuH
30492,2sGRVk5C3q5fMg86L5N7oW1ukeQQBF5BpCm1Q6jETq3J
30493,Bk3gZUNc63hjquiT5CymqzDJFZeiUdVpWPct8EoLgHtG
30494,7N6piuSaRdjTLfmp3EhHJdSyy8FaVZ4XxfSq34uH6Hv6
30495,5fPdxg2AebgsYtKQ7U9dm7wPs3cQ73Cz49aMtrp5faVR
30496,6FuFaX7vYro7kQcFF1U6Hved9x7B35Jwozrq4Y3Hoknf
30497,cyzavZrt2xqCGFQqiJtGYbgUaLmFAPhFyVaitcGkk4p
30498,3WSe6vkoYaK3bXsHS3HQa8cqssAJzLLnvMgNNV6bRYAU
30499,BsJV2NNtVjfNkNrqXkUsiuzJuLsJBWbJ8deGyBRFptFP
30500,4Uuay8hqDH9j9rNu9dRscDckQfXvJHCxJ1e11bjbvk1m
30501,5Dmjq4qrb5WCUFpimZymqZuf3fCzXnUyd7gMDUPDCHfq
30502,5hUgQSycZqzisg5yXfzzK8E3pvofTjvH2AHkguSRprWj
30503,B68L2X4DyDTa43wD6hUhtU8BTHNMyZKbsvxuxjZ3K3vu
30504,517cQpvm7aqKJ3ZhPocppto3QnqKHRH5jDhiSMHnqUDN
30505,3BLWGrSbHqAZtNzQz7j4sdWYsgixE6yyxBB7iGFtMGVb
30506,Xq6EVTy3fV2eLhrcgsvKMhmHiudZKAqFmMErVzNMW7z
30507,8YVAdhs97WixFrh6YJrL5Qf5oNLfKGMi7gwGN5XFxHGr
30508,Ed3McSigpXNxPjx1qGPFrSXTt5eFKJ3PUQdCWjwLJuyG
30509,HtkkRAayT7nCMRp4LcR8GFTbGZVuJvwSgHdS8j2F3a5X
30510,7oXUcvinJ3ZKyPDhMbbg8HRcFrz2oBoszDmhNFCsZumM
30511,6EvmU9rtSXkaFBVYFkdsCH9UTvELEayZ5ZdHv5iYs2Qz
30512,E6gtYUmFLbfiEMyeHa9uQpoyS1bqH2Zi3SKYvTALkdvQ
30513,84DWEA4TiA2eTWv4RTwzdVULUPiPwFiCMmuyyyu5ZPpS
30514,8jcTMu5kwnM4rLecrGXcF76CTeyKet7B74p57QVPk7WD
30515,H4oKUWSaw2nMUx2AhEu91SPeHphkWqnWcZLWS3zWzvLK
30516,CQKVArQQ1Jm2sXmBTeK829VHVu1NxEnUUKhWqrgTifCk
30517,H8Cvwp6SESYL6J7Ff7XPQzsvW1ewvmfL1XUcdgTDiCLU
30518,x31mmqbMrP7bBgTozE6Anxfp4xRcf9CPg4FM8AXUwd9
30519,4iLRfA59UtAap3FBzPzL1CJWAWkUkJbrdug3GMMC4XmJ
30520,4CHowWAc9pJuKGVbWA6rpRHSmn9QPx3SzKB5AsNsARKD
30521,2ZME5f2fgapRFZXpfygK5baaXtS5qtTeYMSE9p1JLe3w
30522,EQ2iH77yXVh8Y96Cfhnqmt3AB85Ys61ZiYY5Qgyri3LX
30523,mYvDXaQL8ht54m9iBB5HmC4LUs8z8xKtVrPC4oDVm5T
30524,ErLjSQxe7N5ugAb2XAf79U6QGXyuaUiLFg4RZWM8AEp6
30525,Egibfnj6kZjaqyNun2m5g3KYpaxj6a3iCuCbRwvcdL55
30526,7DUWP14kbwAdjcXJ4qezNWhiaF7VkFuPHaPGtfZHWeSU
30527,G7qMmtZdPEatfByzhK6zJqW4y4LE8usf6YiKTn4jnNz
30528,ALd9CknGYA7HGiYcFTwNHcU7Qe6q8SqPLJuoFV7ZwApv
30529,7VD6TVNCwj7BsfG4mcy3xVSCBNRVhBBQn4NtxC9mKp7z
30530,C35WVe5uAj5UMSi2HEG1V5RqPkvwJ4uudxM4hixr5KdS
30531,9rb7ZBiKjCqX4QFGeDequgNC7giiqCLQyQ7LEb5ACrn5
30532,8vqnMPZL1L4i2QGeFQtAVhePYukbfDzEdwnQSLeqJ7Vd
30533,aJRksKcBxTYB1zqKxsZDTXFygMJ3MUPDE9h9XAXXaBt
30534,8hEeWszgrA2XkRK4GH6zL4Qq5wJBwotwsB6VEweD8YEQ
30535,AJpsU6fFqWpkrd9Vw7APNsHoq3Qr9gvabXnrt3nNJLzH
30536,Xq6EVTy3fV2eLhrcgsvKMhmHiudZKAqFmMErVzNMW7z
30537,9AHjMDu2agdytK9HBzhQKJxCzGMakTAdPHn4bPSVNzhP
30538,Cn4fv2ZL8ZFYFDEYNtwC6GkR5bApJevQVpGD3P41eezw
30539,5yuZ4QunYeTsA1Xn2osyGBLF6zJEGhjhhoRrxv3RLnoi
30540,9ftcQo6UwZrjsnEH6KNjAWz34LyoGPkhF3tkn57JdZqn
30541,H8Cvwp6SESYL6J7Ff7XPQzsvW1ewvmfL1XUcdgTDiCLU
30542,61fertdALqc8Jy3k62CkfkhSMiHzhNE6Fy23vFeLBKfh
30543,7DUWP14kbwAdjcXJ4qezNWhiaF7VkFuPHaPGtfZHWeSU
30544,5yuZ4QunYeTsA1Xn2osyGBLF6zJEGhjhhoRrxv3RLnoi
30545,GhNqB9gPf5wsPNScxdb1oJk35Zywyd7Eg4AhaRH1uGRy
30546,F6QpLpq6fankjhQviWWhmFqh7cySKYusned3Bridvk5R
30547,Dr3Kn69cZ7EJUm6i82BXffo6o7bXNG9uX6TAz2sh8DHT
30548,Xq6EVTy3fV2eLhrcgsvKMhmHiudZKAqFmMErVzNMW7z
30549,4sWCdfFXQqqvJs1TcqoFWaw7Bbou1zGZqQN3s8dSQSsJ
30550,3iwqN7M72tBZkc4ZhWr4jQfZrRSaara5rxwC2gxpkma6
30551,6NUVLNK88mADcbXreVFNqyroR91yP1MGqzr6HSR1piuG
30552,FSNMxE4feV3DJSGfaqUHeupft8QczwzYuv3kMDYdZqVb
30553,AJpsU6fFqWpkrd9Vw7APNsHoq3Qr9gvabXnrt3nNJLzH
30554,2oi1Uqvtvdo8MNRJzxhTVjKsAuLX4VvaepkcurBfBDqC
30555,7AEXu19FBYZVJcjzj5TCeBpcuUh2bXVgSFqRVk481WpY
30556,FEnFc3wBnUjqf8Mu7FkmjQLjtt4MpTZyNK4eRGaf6D9Q
30557,HgxSyFcKL7R15Z9Vj2NPCG3tLXNGpbQeEd24V3PZ471s
30558,2RbKZjkqrEUFPTxCc4DDg7ZaWW8QxftKuuQ9W44YvGcK
30559,DbvdEbFzyjfcngH4A33sZANR8NSvMNLGEwCEKozmDyYt
30560,JcxpqX9AF6dpPPU1xbnrK31HaH25oSMubnuNK5azGjf
30561,2ZME5f2fgapRFZXpfygK5baaXtS5qtTeYMSE9p1JLe3w
30562,3448CZpJ5aH7YqJkdTvLBnCtGUKioHggr8o9iQPU5vK3
30563,EHWCVPPek2kt512pn6JQDKMdZ7R91gLad24dthVYjUQo
30564,vPdmG4qr2Gvb3fdwYMxbDszpTujrdRifb8PJ57Ni4Jj
30565,AWjP4dpf84XkAbjWwP3asM95NfSmpbKBZgqB2GP5oqhB
30566,x1aZPL8kKV9GyctT5KWE4wSupztfF4rjRa27nYmeWcv
30567,HsQeQzM2uBgWqZt9oS9wxjqJ8xF8GN6tMFCS6sTW8ocW
30568,6iDsqe5Yy5UnmbaXt4LVseuAfuPYBuGXHeSqbJ18HaAm
30569,6cvHd3CkXNV4mJFYDVcxAKzdT5d9JQpErCVDHXLcDiA6
30570,Bbug5ReqbsdsbHCbEpdxwdGWtLXhSsW627ZCc2towvtu
30571,HoTZocQ1xjVbYdzq8sEDWY28ch54SqqJN93qmj7PhhrP
30572,5yuZ4QunYeTsA1Xn2osyGBLF6zJEGhjhhoRrxv3RLnoi
30573,3RjECM2e6pvaAipMbkeAjGfdftnut5FXSbeENJQYUdvP
30574,4F6J65BByd2eWHJ26RnMnR7vnxPqxNBF9EEJFwSHJsBW
30575,5KhgmFJkJSnXGZQUVXnorvW1S5aXges8bjgcZ5Nz2G6E
30576,4n3BbqLKV5G89UTE7574forDU5Bu2FejxM7ZjHJzWG8B
30577,JcxpqX9AF6dpPPU1xbnrK31HaH25oSMubnuNK5azGjf
30578,FEnFc3wBnUjqf8Mu7FkmjQLjtt4MpTZyNK4eRGaf6D9Q
30579,D5UhzaCZCPSbaZvu2561mkKkAJtrkW6jNqMhMdfiFsBk
30580,C6UaqAvRtQmpZbfkftYSdSxr5xqEB4viznXw9kbKNey7
30581,5yuZ4QunYeTsA1Xn2osyGBLF6zJEGhjhhoRrxv3RLnoi
30582,2wWTj59YQgoZgFdkbWDm3iYr7VCBTJxyaGv6wFiLcUbc
30583,6gqUqD1dtzAnJsL2tMN9zQgF7QgNMhActEFwM1Nw9LML
30584,5cuKmxsD4K9hmysifqd3BZmBoyYFU7zSJGV31CcrhoXX
30585,GrRG2dYEnLPJZBCxBrAZTsdrKWTCGDHXTJ2Wd6B1Lzjv
30586,9VgEZZFgJAQZo4p8j8qQw4tZv6aJ5ET75XxUYYPHBTbC
30587,C7kUxhQVt1PvaaxCsXi6qF9RP24MmCi9pdxAm4AVRwse
30588,5DUuGCYXzf6Vk2XWHvo9CqwXKi2G4MEoGkTnArwaq3DA
30589,99BK7JTsvGcnpuLL8zCWB3YYLTb2tNXftZmTfL7U5Aja
30590,G2AUCmQ5GEbbQjR5TPDrwjYkeJiNWLPKDR3Mx3eN6Ri9
30591,38cNrYZGUejmRs6qjypcicU65bRDHs4fEZtjuSX61sSN
30592,5u43UPNLGQvQgnC9XdLhJZgLbmB52eiZkUeEWXU7Wqzu
30593,3FdFgZZVkumewJq5YxJ8oNT2MVPF5e4DVcc8VyAzb1P7
30594,HbnLEHWr1JjVKH82RPYriMLMQXfR6EM22ynndJZ2LMY1
30595,C35WVe5uAj5UMSi2HEG1V5RqPkvwJ4uudxM4hixr5KdS
30596,GuDNq2RPUV1rRBUkF2DAWS2WTmxjeayzB73FA1yzNzS9
30597,BEzfpgCUQwfprVyTYVYkNGpnwxhsSQMo3fqsvia7jjWH
30598,GwYc9Uz9UUmikf9g276jd9SLQyQvEqSZc82m2vRp9rsr
30599,Dw1uUZok6CKXSMH1QgrebJNfN9JXNFHaExhcRBm3gGDM
30600,Xq6EVTy3fV2eLhrcgsvKMhmHiudZKAqFmMErVzNMW7z
30601,ADviVcQVefLH778E3pxoHNYURoFTCdLcNxPcq8hMopNb
30602,47qfgwuLa8zzHt5K4poSNGPycCkNwHuociwDMFRuUahr
30603,4FHJUB3rZ22S9LVwyUsEMfZCGLiKfs719jd1a6tJc3YL
30604,DhvMozgnVCx58386fno8QD75JYTfJTnNq2svbW9YwhTc
30605,DusP9KWaxZFi61g2G7xctrh9qW2NF4v2S4DD5HLcnDcQ
30606,5QrVMjq7hwYwBUGQa1oDtn5Y6mqM6RsWngpVUZAw6a1
30607,Eagjgzxfhnmhpd98Hs8vd5ySG18EWrW5WeSk2A2Zphjr
30608,AG25ARitey2E2kUoBHSRnUSWLNPErPsvMyGqQCVfQHFG
30609,CfGGWEx3cAPLt3yiFptU6B4gDtbSEUJNuEwpCeTTZ3rz
30610,C7kUxhQVt1PvaaxCsXi6qF9RP24MmCi9pdxAm4AVRwse
30611,6V1mFqD2ZzWzcyGar5Cq19JZjhoSsy1gNaS1CfeMpBX7
30612,3qUpFZWpEEPvZq5xjnpBKvMHa8sxvjdBwKJ4sACZJ8wt
30613,8XgZw7MLRmCoTgYTic9ZiDCsGW2YoVharQ1cGrMKtWsG
30614,Dnz2w5wxrTRVyPvYZgAuEPBkV5kDFUeCFy1XieCJrBuE
30615,29SinSkCGyFRFWTD3nBTmAMeogFGDT2d5e8p3W1imzKj
30616,GVzLbfVGZrK5MFnmyZgarj47EYu7NZJ76UKQZhD5J3wd
30617,4e4YMNW54dGfwtCYrpmT9rTQxHjz1xnwM371gnbsZess
30618,BQfguZpr4hje4irm9xkcp7yrrKhWgCMCfEB51r3Ecrhg
30619,89wbNP1iA1FgxqaZsZkX4htqqvo4PfkvrChHc9p2DfNq
30620,7wHuTjBrche1b1dtbjPryoAkfsxtuZazGeDbiMSrsHPc
30621,Fy6LbNwHZqCrWY1JvJnWTnN6yNNxhLdCP7xoVXgzrLwu
30622,Aw8JjQcTCQX7hNJwMDm7KzF7rzQ1tDYzqrDkUYZEBeVU
30623,CccdA3invTA3L3vunFyXXFvHFKF3ts593Wa55A2GKKyG
30624,CHmJH2tzv6fTfcmXJswxGFRt51kNx1h8JTYUL4BtJrFR
30625,D2F13FFcDFBjMBVJN91kMM83ix3mTUMt5Wu7fWzzJ9R8
30626,C2Yv4d64FNC6ZD6F5cPmkv6ASS9WVwGxEknLNXetxSN5
30627,GwUptrHSadX65z2b76n1zMzJnetCKeJc4mTs6rUi99fS
30628,3qyzQNx1FEnk5XjfUVQeuCuyPg8zMh3GheadcgFWknwR
30629,6rJzncczhAJTVvCtLfEdW33gat3CmT87yFEK36Y7wHZ9
30630,9p2UXgohM8Jqudb7b7QQEb7bTzeSsDdfgDTLotoYPGny
30631,4F6J65BByd2eWHJ26RnMnR7vnxPqxNBF9EEJFwSHJsBW
30632,CS2GVFbpxmNsPmNzWxi7UN6gTviEX9oU75x84tXy2LTA
30633,4hQrTBGLqAwqh5XHDGAGxWNR4Adff8mnhMu8Cv2N7ZY1
30634,EUepZkiDM8GYB69oNKxwDeCFDe15E89X2atoAfvAnhjN
30635,HoTZocQ1xjVbYdzq8sEDWY28ch54SqqJN93qmj7PhhrP
30636,HkJris3B3suPS1dgBedU5iJRj9T83QRUNwx35C7KziCE
30637,9bkkhcAcyndnzMSC3gWnZzbcdGwFXsxw1zeEPp33ZZB2
30638,GUTxaEAhD2N4jWfWspBXaF8wFnUPxQhUDuEVab8T24tm
30639,3DDR1xjiUDrNXPvzMgTftaPVr2yjRJWQr1PFb34BHzks
30640,2PbEhwDCLVsK9bZvG8bxNcTaZCa2U3cRountzMjyu3kE
30641,A6H48c775KFso9iV6PTQEec1yVbzHQcWgdFersvMqN2E
30642,HacUd2QVpEagTUonQvWBcBYb824yy2uN59FiCo12TXT
30643,6zQ9HzKv9BtxepBKPaYBiQn5pbkPMBMnonzSyG6cskwD
30644,DaKDiSaA7ae4FxHhBbG2AaZ97DMaxU8hjRppNye5mYia
30645,ES2XtYGREZgTs9NsCZUCjWso1YQcouysa1Ak2hTfJEkY
30646,DL76Eam1gvPsQf4oUmUEkZ9ah3xndoZZtD8mX6yr1YZz
30647,8H5rjKnp9hpK7DLWuLBFUGPDXgf1pQbGLkrx8PrY1yyf
30648,6tzB2dEThvB5bGzcCr1oa8z3Q4c8R6ruS9dLSHYNduEJ
30649,4ePg6zzTXDL39XMkfeKmLkuHo4FHGendTnRr694RWbDw
30650,AmAeejxEYAkLnS56LJHmHRy7AK9oC8KGj739Yss8jMSv
30651,EHWCVPPek2kt512pn6JQDKMdZ7R91gLad24dthVYjUQo
30652,D53znUuQrjFaxkWmfH52JDyQQ9sugQgvqNAEgvAguzRN
30653,4uZWCstgyj26eCzTy2Ro5fiyD5azqvCkqo4EQ8acnau3
30654,253RtmeqfB5NajwSUyn1j8a2vZ4VvUMRE4GnHgRMibpP
30655,aJRksKcBxTYB1zqKxsZDTXFygMJ3MUPDE9h9XAXXaBt
30656,4bi7T3jEnd49QjqYRgAiys4poaESrVqSgXF5iRpLDfW1
30657,FnseJwvAi6BsA92zjHx3kbSQkdV99kGKa2HTrvM8Fu9Q
30658,5yuZ4QunYeTsA1Xn2osyGBLF6zJEGhjhhoRrxv3RLnoi
30659,FZSBcGtbyudThsLvsVzKuWrCxcmaD7wy5UwLEfqxSEqG
30660,Bgx5BQnrxxSYkFamwXaJEkvho5gKHH881kLKR7uxqoBW
30661,5tkwC5in3MpziL4twj7Z4bS78myL1LKgwRYL4WStx8cm
30662,2sGRVk5C3q5fMg86L5N7oW1ukeQQBF5BpCm1Q6jETq3J
30663,5DUuGCYXzf6Vk2XWHvo9CqwXKi2G4MEoGkTnArwaq3DA
30664,D2F13FFcDFBjMBVJN91kMM83ix3mTUMt5Wu7fWzzJ9R8
30665,9RrL9NSFsSvsScSVtsDvtQtrMBq3Tk112aA6d6Pp4yhS
