timestamp,txSignature,txSigner,instructionData,instructionType
2022-03-17T16:02:08Z,5vaxqzf6jTCct7koVFXY4v8VrNHqLPFSSUFEGSsFChFXQPxx1K1ZudBWwMPZ9Yv3sbYNZ6Vk2UU3Ah3q1u1Wh1Ns,EHWCVPPek2kt512pn6JQDKMdZ7R91gLad24dthVYjUQo,WuE7HjnsyebJJdCfTXWZbd,Deposit
2022-03-17T16:10:29Z,5z35YPfgjN4advP2LyGCy8pUS8v7bpgxDYh4ESteZMNAzbJHjwvUqR7dibm6ufTibQ5aamovxiGAuUtRXGzrNce8,Dx5HHPDGjGEBS34jiKr6caT9nL2M5GVR8nV2q5jm8pSo,WuE7HjnsyeaoZ9CCzi7SAK,Deposit
2022-03-17T16:13:34Z,59Rmky8rz7FZpyZT4v2LFSWAeTVsg1VqkjnXXY8FFwsrw57NQYZCMe5trCZLZNb7voAEjZTDqD4mscer9tBe8Yrh,2oRW7xUZL1RyECEjo3MnK3BixBwkVTRU5NzjsfXZqogJ,WuE7HjnsyeaoffBRuKcX8T,Deposit
2022-03-17T16:15:45Z,3MbDAe66N9WVffQQCotJSXzGbAUcbnFsLBBCLv1LK7qtsGodbLD4T1L8aWu18ej6GYJjfBNkuJzuNmKxeGS5dVdr,3AthL3CDLUHqLLReCS3gaHEXAiyLpuTQuQXx1uMrT5g9,PcB3tF1KHa1zdWjrprPFuZ,Withdraw
2022-03-17T16:15:45Z,3MbDAe66N9WVffQQCotJSXzGbAUcbnFsLBBCLv1LK7qtsGodbLD4T1L8aWu18ej6GYJjfBNkuJzuNmKxeGS5dVdr,3AthL3CDLUHqLLReCS3gaHEXAiyLpuTQuQXx1uMrT5g9,YU8PpoqdnQP,Unclassified
2022-03-17T16:21:07Z,46K7tjpjroRxiYUBhqvjUwxujrrFYrknv6ebwiyN22pNMz6fALwddu4a3NFRPDk1x4hQxEkELWt9Uz2EfcVngYaJ,13QjvYYcM5izdJ49PzRWqrw8ZCT3zH818AuTUJhw5Mbz,WuE7HjnsyeazMRxzVKiPKD,Deposit
2022-03-17T16:23:33Z,ERYgDZ6hcfBC1NJUysNb7Fuiao3Fy4HPnVvNtrNeNNV59XLc8QqCTE4FqWrPyV2Ye6N44Taxb48zgoRmgdZgYBJ,13QjvYYcM5izdJ49PzRWqrw8ZCT3zH818AuTUJhw5Mbz,WuE7HjnsyebRTeyNNUqTHh,Deposit
2022-03-17T16:34:55Z,58Cp59uCLQpNtM9TZC2L6M2nF8ZXJRjeTqbKWyL6vS8VSpWvQcau9gS2LWHq6ZhSHt1b2jKakC1HxusPYwrXTtQV,BHy4zdTN8Uur96EqGasAEd8En6v9Da3RFEMR6AWnpo63,WuE7HjnsyeaoYd4s8MTGKZ,Deposit
2022-03-17T16:54:22Z,4x24CMqH7ApEGNTG9QK5xQmhkNNyMR8DivaTY1KDRf7yJ5vf8waT5zARx9aJi8bbqBQreDHHgLsFBTLnTtpVj1jS,8zVmCHpqJYArdwvCQqp33z8o2UVFMnZnS1hSkK4wJLQt,WuE7Hjnsyeb35fnm7XPumh,Deposit
2022-03-17T16:54:40Z,29AsUt8fhFFWusfhptbdVjkyCquVPihB3qvt5wm36paxSJ4M5b6nTQDAvpqi4iziaNHjrbM1gE1ZoCjvXCJ5gwb2,GFGVjhadLpBDTzmgqm2EDxcu2YP9H2kMvbfKEDtUWndE,WuE7HjnsyeaybA3Qi78Wzj,Deposit
2022-03-17T16:54:40Z,29AsUt8fhFFWusfhptbdVjkyCquVPihB3qvt5wm36paxSJ4M5b6nTQDAvpqi4iziaNHjrbM1gE1ZoCjvXCJ5gwb2,GFGVjhadLpBDTzmgqm2EDxcu2YP9H2kMvbfKEDtUWndE,YU8PpoqdnQP,Unclassified
2022-03-17T17:03:37Z,526kxCCEDG3Z5jhNH3v1J3nCrXAsxVu7H3Jx2XuwxpXKdcSDMx3gBXtrATiWBHUS7gNNZfrsk7f7HFnueX68Vhir,7dMskWAgwv4EyQykEbnieDNZs5xDrJN6Ma6LKY5xyd1d,WcTWQsnk6BT,ClaimPendingWithdrawal
2022-03-17T17:14:52Z,bA8vzqiyZsLtQueLfv2bnRF6iMicLw5meKKvsMw1u1PFnCQJdhKG2ZuhC134k8KDbeCy1H3ytS65SJ92jB4nqWw,FmZti3EWSSPMXvwAvM5V9W59k8wvKYMVczRTTMER1fo7,WuE7HjnsyebVNzoShZVco9,Deposit
2022-03-17T17:16:27Z,KbY1NyAVmDAtvSTyxMjQva1gvYfhhkb2SxVJ75jQXM5c4igkeNgP4Kmt6nqtCqgi1HsRnpzMDZwJoaRN417PaV3,s9u6Guq5MdKDEcyYCmz6XGeR4dHYwNWqk8LVHxs8R4y,WuE7HjnsyeaoeUxZmyRAx7,Deposit
2022-03-17T17:17:14Z,4UFtgTSUFcbAGxUmoNKX8MoJweXfrJQhVdjjRNy93JzJZN9zyPUxg5FAcTVmiaszm2tDRqrBSftPUD4vABXbX5XX,s9u6Guq5MdKDEcyYCmz6XGeR4dHYwNWqk8LVHxs8R4y,WuE7HjnsyeaoeUxZmyRAx7,Deposit
2022-03-17T17:18:27Z,2ZCNtpoaZraLCh6mbEqPDDnKLutYYP9HLhidoiDgeFJ5uyK2pXs75dYTkNfcUk39v8d9dDCkFQcNSqeekgBzGtLm,Dvny5DMzs5YMywghi1WrhHnumCuazSwbHqnWmQ3hPNVc,PcB3tF1KHa1v1L8f3eM5HZ,Withdraw
2022-03-17T17:18:27Z,2ZCNtpoaZraLCh6mbEqPDDnKLutYYP9HLhidoiDgeFJ5uyK2pXs75dYTkNfcUk39v8d9dDCkFQcNSqeekgBzGtLm,Dvny5DMzs5YMywghi1WrhHnumCuazSwbHqnWmQ3hPNVc,YU8PpoqdnQP,Unclassified
2022-03-17T17:19:14Z,3v2hzoCCNwy1RpiVZgxoECe3F9N41qwMtaQga7QA4L3Mc5WNGkebdXHifsKCh47xYXpAqA8gQ6Xh5b5m67uX1KhE,s9u6Guq5MdKDEcyYCmz6XGeR4dHYwNWqk8LVHxs8R4y,YU8PpoqdnQP,Unclassified
2022-03-17T17:20:35Z,2REEUifbdxt4nytffx6oehLojaA3xFRVaUJ77HnWrwZqiatMwj8SpKG7itPUzkgX5SAgn9SWACcMrLwMQheY8D3y,s9u6Guq5MdKDEcyYCmz6XGeR4dHYwNWqk8LVHxs8R4y,YU8PpoqdnQP,Unclassified
2022-03-17T17:21:55Z,3RAPKCmZ6AyVM1mXLcNLY6wFuaY4KM33wCtXgW12FCLUAEdAaJpLTSojeFzDL9PtWcczu1MUbiQ72oAyEQJeNoEm,s9u6Guq5MdKDEcyYCmz6XGeR4dHYwNWqk8LVHxs8R4y,YU8PpoqdnQP,Unclassified
2022-03-17T17:24:30Z,gaRCWYAETvMebhJto72sUPzxuWKvKGDaxJciyhwTgdbjypkF4gfY1ABxhfRchd1Lmsih1DGmJDPDU4odtGyong9,4UztVbo9hDtPSHkJYUovg7bVfVBMh6dpeQUmq2FzQM8g,PcB3tF1KHa23zSRKH8CYJb,Withdraw
2022-03-17T17:24:30Z,gaRCWYAETvMebhJto72sUPzxuWKvKGDaxJciyhwTgdbjypkF4gfY1ABxhfRchd1Lmsih1DGmJDPDU4odtGyong9,4UztVbo9hDtPSHkJYUovg7bVfVBMh6dpeQUmq2FzQM8g,YU8PpoqdnQP,Unclassified
2022-03-17T17:35:38Z,2qU1BD345z9ynWyhTsGHLvcT1CbavDTzvJCsTty8tM7Mvw9CerxUun8gZdYrxxQWtzdkcXKdyntwAPm2EvzD3cMf,5twmhi5JUqDYYqe8pgU9EmNQcg58cWmJiLAk3ZVCTsv5,WuE7HjnsyeazPvszc4s4Bq,Deposit
2022-03-17T17:35:38Z,2qU1BD345z9ynWyhTsGHLvcT1CbavDTzvJCsTty8tM7Mvw9CerxUun8gZdYrxxQWtzdkcXKdyntwAPm2EvzD3cMf,5twmhi5JUqDYYqe8pgU9EmNQcg58cWmJiLAk3ZVCTsv5,YU8PpoqdnQP,Unclassified
2022-03-17T17:36:02Z,4iMezX3vFEJHF1vSWAkNj9jHuBkaSoZz7F1oqzGGaaf1kXSADffFkmK9zPEygVCfdQYx6LZZtuhhfgJmzLYzie2A,3gdH4yZ9Y4fzw2ophupow9LCE1EuJbXiYZWt33iXkhWg,WuE7HjnsyeaodtWuULvVQ3,Deposit
2022-03-17T17:46:27Z,5eCE27KQCpugfuGM8omAkHfDhgzbbvvNfvTEi2YuWhHUE1qG4EyknfGkqTVLimja6W7pxSobHXGfk49xPrbomG3q,9mB6uxjNfvCqd32GJzfVjZDYyS4cBHrRrW1AXQjcSDaU,YU8PpoqdnQP,Unclassified
2022-03-17T17:47:16Z,5KbxFDvLFoiFAKnn9NfdhDZq2owyN5AuBN1yuXt5HGLh6nbyEtjD7FP123xiBENDFXbfQK9jpXXtbX8fznS594Wd,9mB6uxjNfvCqd32GJzfVjZDYyS4cBHrRrW1AXQjcSDaU,YU8PpoqdnQP,Unclassified
2022-03-17T17:48:00Z,3YXcQJzL96QvD97YNk28okuEspAQB3XhiyLbQzny6VaU8LLKSSfUsST87XSRM6Xkrkqgr3CGVTn14qQ1Ep57XP1T,9mB6uxjNfvCqd32GJzfVjZDYyS4cBHrRrW1AXQjcSDaU,YU8PpoqdnQP,Unclassified
2022-03-17T17:50:52Z,5e7Ukxu3WesmM8VK4asgzY8kbtR1MLyLvMqhx8i3Q7zqSCjBeKHexA7h5XXYAGnMsfauUsBLY9W3MjpfmxFQ4Yhw,9mB6uxjNfvCqd32GJzfVjZDYyS4cBHrRrW1AXQjcSDaU,YU8PpoqdnQP,Unclassified
2022-03-17T17:52:04Z,62itHbg34apotvdfAAfDaLCtGsAcJ4EKmFxAdd1X4bYAh7eVHS1iZRt1kSuC3zz8eAtUDLif2tGDXa1xoDwjXCns,AQXmsfBXckTnNC2FUjCEeVVnjGHcbNFAQmAqkT8ZStq6,WuE7Hjnsyeaohi56mFMsFD,Deposit
2022-03-17T17:55:37Z,oq5XUU8ZrhxLjx7b8wzCv5RrCn5k4CYAwuZf5NBhXdFw9zcR1G1EMp2i9xmSsqPxqeNhtCMPovk2PWzrFbHwhpP,6iDsqe5Yy5UnmbaXt4LVseuAfuPYBuGXHeSqbJ18HaAm,WcTWQsnk6BT,ClaimPendingWithdrawal
2022-03-17T18:03:57Z,2kw2FN6TBj5XEPZkkZigSWybVLJv3pX8NUZH5bR9qU8KrRfLKtyf8NXTTJK5TWCLXtdsi3TBdYCvbawMUZuP3mmo,BZJPoS5DTc7eVVbb9qGzDhj9UskJ9pYKfjxsq7FHRt8T,WuE7HjnsyebB2kWutPCMfV,Deposit
2022-03-17T18:03:57Z,2kw2FN6TBj5XEPZkkZigSWybVLJv3pX8NUZH5bR9qU8KrRfLKtyf8NXTTJK5TWCLXtdsi3TBdYCvbawMUZuP3mmo,BZJPoS5DTc7eVVbb9qGzDhj9UskJ9pYKfjxsq7FHRt8T,YU8PpoqdnQP,Unclassified
2022-03-17T18:04:56Z,4rn5Yiy3marMVuJurMRSecwbgj4ohMzbqrffqpnGrjkv8PjrXW6u3VmgaFQPG3RgW6GdSNtArHkCVoc7rxs27Vot,EHWCVPPek2kt512pn6JQDKMdZ7R91gLad24dthVYjUQo,WuE7Hjnsyeaofx52pBTrSb,Deposit
2022-03-17T18:04:56Z,4rn5Yiy3marMVuJurMRSecwbgj4ohMzbqrffqpnGrjkv8PjrXW6u3VmgaFQPG3RgW6GdSNtArHkCVoc7rxs27Vot,EHWCVPPek2kt512pn6JQDKMdZ7R91gLad24dthVYjUQo,YU8PpoqdnQP,Unclassified
2022-03-17T18:08:04Z,4RVQ1McbdMkVGENu9g2rV6ec2ccUwP2jG7LRJ6fatF7A6duMwT36wUtJbv6qTCk1fcRTFXwXS5fk8inHLMwg4YaA,HsU6tvutq1shymZJ7xQHMrmQVQEfcN1uZjYY4kHYXY7z,PcB3tF1KHa23HHNxuZTjQK,Withdraw
2022-03-17T18:08:04Z,4RVQ1McbdMkVGENu9g2rV6ec2ccUwP2jG7LRJ6fatF7A6duMwT36wUtJbv6qTCk1fcRTFXwXS5fk8inHLMwg4YaA,HsU6tvutq1shymZJ7xQHMrmQVQEfcN1uZjYY4kHYXY7z,YU8PpoqdnQP,Unclassified
2022-03-17T18:14:08Z,5SeNYTDX4rg6pPvcEkKsCfzeo98Cg4joQfhQKrUEEDXwzwnfHmS2PY64cJZTZBG3QLDfLkDN3s98a7hWvNFP3Qf4,EHWCVPPek2kt512pn6JQDKMdZ7R91gLad24dthVYjUQo,WuE7HjnsyebAd4J5m2oGf9,Deposit
2022-03-17T18:15:54Z,371kgFY4djAYr3RXTD8YGK3ZNsEe5Bq6uywjYeL5BGdA7yHdVMoq56JxPriHYra7ysz47jaUxj1MeHYVSMENzD3G,9V2xcga2hk4dR5YyKYTAMyPYnbkx7XTXTEhCbFBmuARM,WuE7Hjnsyeb59NXpDgv3My,Deposit
2022-03-17T18:16:00Z,5aJe3LkBFNGUETRqLgu9rnNpwGKECPFbtCBrctTZzgE6WPuoTQdwfLeb4fmDrpUB6qVZkaVvU7fWJNn18YHezqNB,mmGdMwUaNpo3dLyc96vaMRLwiPU6djAA2ATynmrHGM6,WuE7HjnsyebT9NmoxbvkMd,Deposit
2022-03-17T18:16:20Z,2jqQNf6r3oTd2yhfHadXADnseaZD5gYYob1krmYpSetyoDqEa2yi22B1TGFyQNdGWokTiZk6JbabfaF83Qd6WD6a,mmGdMwUaNpo3dLyc96vaMRLwiPU6djAA2ATynmrHGM6,WuE7HjnsyeaogqQJ2fosJo,Deposit
2022-03-17T18:19:02Z,231BLTQGbub2Cdm7s5Y7rSS4JN2L9JLWzhtwYG7Jowpd3ejabjvnxiRhuLVPnyG6Ej7j7YxEBorcfHwLybrTBxJe,EapjtDx27xLxAeKFhFUzsYdCT6BeeAEKcJ4NYoMqKubN,WuE7HjnsyebDtvkp7pEtkX,Deposit
2022-03-17T18:20:17Z,21Xrrx5rFGGXVcDiW7zoDbsb3eEwAnX2MrzaL76pm96AcsqsMLL83vQUw7XrJu8mS3eUM15aCkKor6GBNA3XdvEd,GTuGazatVfymeTH9UQ1BcfJ8M9A2yiiAT65jFCL9mdw2,WcTWQsnk6BT,ClaimPendingWithdrawal
2022-03-17T18:23:21Z,4hWU6zejWbqUmfyt3S97hMNSdpzPBnRqfULiSxu1q4Xx9BLfVpAyQ7hggbrKTjJBUxAzKsxV4ocWTU2NnqqnmfGV,GgF8AhcdiJ4hhyFaMoJ3XpQo9q7NgFnNaMQ6x6Xj3Lvt,YU8PpoqdnQP,Unclassified
2022-03-17T18:24:47Z,2hu5EdMbAFX3hhiJx8T5r8mYdbbGujcKXzYsjeZ5RMnXTgcWjbdjDj1RGBjPKUCvGxREW1zoPrwjeMS4RqeHp8xY,7H2fjdHYNBottkNDy6x1te27cKBUTtDQfC7E3pgv1f5x,WuE7HjnsyebWREmeg1BowV,Deposit
2022-03-17T18:24:47Z,2hu5EdMbAFX3hhiJx8T5r8mYdbbGujcKXzYsjeZ5RMnXTgcWjbdjDj1RGBjPKUCvGxREW1zoPrwjeMS4RqeHp8xY,7H2fjdHYNBottkNDy6x1te27cKBUTtDQfC7E3pgv1f5x,YU8PpoqdnQP,Unclassified
2022-03-17T18:31:31Z,5Ke6CoouPbQ7jkk3fZhiYD3x8R5Sw9euxihDjyg4UdB113Y3gifLiQ3ZQvFnjtMmqCh8MvAJhw9dUgTkYND1zbEd,7H2fjdHYNBottkNDy6x1te27cKBUTtDQfC7E3pgv1f5x,WuE7HjnsyeatzAgtRx4SL7,Deposit
2022-03-17T18:31:31Z,5Ke6CoouPbQ7jkk3fZhiYD3x8R5Sw9euxihDjyg4UdB113Y3gifLiQ3ZQvFnjtMmqCh8MvAJhw9dUgTkYND1zbEd,7H2fjdHYNBottkNDy6x1te27cKBUTtDQfC7E3pgv1f5x,YU8PpoqdnQP,Unclassified
2022-03-17T18:32:00Z,2AgPQd6W2TMLGLtBEtiRx8FBz21FuN2u7y9VDvqZvo1kaY1KwfeEAuLF9baqcFH9NKqFEjFYEqua5xpwJ5fEc2s6,8otUU2sy9kHpYaZgyeTcsRUiDMFuGh5mSVGyPKYD5cjZ,WuE7HjnsyeaoZVjims9mCs,Deposit
2022-03-17T18:32:53Z,4onsmDgRqMjBkfABoVnCHyaCSsqPUmgJMWRspW5NjweerH1cSVo8B59HoSZRjthv7hzYkeZwerKkNZokb7PUrcsu,7vRhvZjPstKSSRZuAyySk3bRAnuZyuRckXxHCdTVnqm5,V8cW2nMq2i6,CancelPendingDeposit
2022-03-17T18:33:31Z,49wvLQKd7hTMBc45jLwskREH8miDgA3vXBE4Jrn4pyXTsY686UZmLRbZbcg8yV4dBbm7GVRoXLpKDgqKseNjpA7A,7vRhvZjPstKSSRZuAyySk3bRAnuZyuRckXxHCdTVnqm5,PcB3tF1KHa2ARAgstXH8Hd,Withdraw
2022-03-17T18:33:31Z,5TqpYRA1TB7Hra8ckwrpNb7mr4Fiae3ZCzeQNdbbRShNAogpTg8gASyiSEYy1nQKoHdzuNaiir4cic9oSRKN9CAT,EapjtDx27xLxAeKFhFUzsYdCT6BeeAEKcJ4NYoMqKubN,WuE7Hjnsyeaoc8WqXH2UbR,Deposit
2022-03-17T18:33:31Z,5TqpYRA1TB7Hra8ckwrpNb7mr4Fiae3ZCzeQNdbbRShNAogpTg8gASyiSEYy1nQKoHdzuNaiir4cic9oSRKN9CAT,EapjtDx27xLxAeKFhFUzsYdCT6BeeAEKcJ4NYoMqKubN,YU8PpoqdnQP,Unclassified
2022-03-17T18:38:31Z,xNfey1iWTa2XRnkBPavaXsUKNFvv7y9MCZgf6vZBk9QsLE8JZ9WS52kF4pMBWLVQ5WbzuQ9wSds3v2pnwzn8bfR,6NBTGMTn6JfkekdDo7mLpgsV2EuHaZTk7AXmxSchdmnZ,PcB3tF1KHa21uV2oBmdnTh,Withdraw
2022-03-17T18:38:55Z,4SUhor9txrHXFxEQ9uCKQLTehVA2gerwYTWaFCEnUBKGLruf34WkjV1C17QcK4aCta1UZkN3CtMY3yVWBCj1VRrn,6NBTGMTn6JfkekdDo7mLpgsV2EuHaZTk7AXmxSchdmnZ,PcB3tF1KHa2JtHCH834roy,Withdraw
2022-03-17T18:38:55Z,4SUhor9txrHXFxEQ9uCKQLTehVA2gerwYTWaFCEnUBKGLruf34WkjV1C17QcK4aCta1UZkN3CtMY3yVWBCj1VRrn,6NBTGMTn6JfkekdDo7mLpgsV2EuHaZTk7AXmxSchdmnZ,YU8PpoqdnQP,Unclassified
2022-03-17T18:39:38Z,24y4KRma4BUarjw4y8Rv9Dt1kZdVVSP5kVnkbu4Ra5KMs7G9Df2Vb9C1b3M8f6yCuNuhsEW9s1WR8WrSKuN5bVBX,9T19SkKUpSNbt2cMcCQVz7NZEfmXW3gdMDkH9db1yidw,WuE7HjnsyeaofnJNVt4yrX,Deposit
2022-03-17T18:41:11Z,4ejJWavojteSB6ATZzHxPKF4FpM7WwVRZBPyVn6fKyxiTHNr5rnStR4J96m64o9iRJuH8jfhfrtAXoZASLpF8T8r,8dbR8MtEnfJj6E1GA2qvZFJQ4oh8bXbzfird2L3J7uVe,V8cW2nMq2i6,CancelPendingDeposit
2022-03-17T18:42:51Z,uaZuopPrzfkJctoVVHoqz7SgP8P6uqu6wvMB63iAzmDL3tGwJPgwW8kc5TJox4kofDAM49KLEkS6Pfc4Maehkdh,D2Mo1W5UDAZJaKTZVp9QpaZGxXMJx58joijb9UrYcUNv,WuE7HjnsyeaoffBRuKcX8T,Deposit
2022-03-17T18:42:51Z,uaZuopPrzfkJctoVVHoqz7SgP8P6uqu6wvMB63iAzmDL3tGwJPgwW8kc5TJox4kofDAM49KLEkS6Pfc4Maehkdh,D2Mo1W5UDAZJaKTZVp9QpaZGxXMJx58joijb9UrYcUNv,YU8PpoqdnQP,Unclassified
2022-03-17T18:45:22Z,4ViXVHFrKrLqXF2aP7iHzRdjugrJuuxNAgw33YmHXVQPqKFioi8chiFWGF4S8qc8aUyV5suY6hxUYXnkmYocU1PY,5ayF2Du9Ju41yv6ALW6bEUH9wxFoaZ3Zzhkn3PMHfXg2,PcB3tF1KHa1vi9UFibDBXm,Withdraw
2022-03-17T18:45:22Z,4ViXVHFrKrLqXF2aP7iHzRdjugrJuuxNAgw33YmHXVQPqKFioi8chiFWGF4S8qc8aUyV5suY6hxUYXnkmYocU1PY,5ayF2Du9Ju41yv6ALW6bEUH9wxFoaZ3Zzhkn3PMHfXg2,YU8PpoqdnQP,Unclassified
2022-03-17T18:46:13Z,4U1FCroP9vB1Xs3wP4XnZjqYyJfuxJ7Eq1661mCE4pUSR312ujKdVVCLj586H5HoH8iLf6EnVAKe31yhSmSgnnAB,2gaCFRJMqq8ZSvkArknNLeTeoif2xLmcKt9BcLjTXh6B,WuE7Hjnsyeaofx52pBTrSb,Deposit
2022-03-17T18:54:48Z,5AEuLvn66zrEidZkZcBPBP2kGfnrwpmsjs9Pw9gNpdgj2f3bnJywLiGih2zRAF83dU4auGGqAhAYTVptpSiCMYGU,1wTvS4pFWQ2E8qht6eMuMhyqffRVLxPufdFkV9wARBR,WuE7HjnsyebMoSuSNyNG4F,Deposit
2022-03-17T18:58:29Z,55jwyz9GwVLLnzW3FpYFRuE2rTTt2vhcFAYjy79f6gkzwvUAhh9GSsMALaNH2Co8vqV9MzXqRdkWQwrHZ9ByRy3m,GSqm6JXDZk6ibNf1KBKZLxXKdRBnJyoKcPtoBn99dRNP,WuE7HjnsyebHsCUFmJdp6K,Deposit
2022-03-17T19:05:19Z,4wUCdZGvtDnA71hAA3JyEeU7N9RqbVZnjM5mEFZevxjEhDYr6CmcJiC23djL692d7K5pKrutKNvYEsB7zYn4Wivf,CzHqTDgk58QSc5znEizmMxtJvSm5P4K8SsaXQZDs5usJ,WuE7HjnsyebMhFTaDmXxzj,Deposit
2022-03-17T19:07:49Z,3UJDEZf5EKzq9B4T2dftz8WwbwvypVcPMJhzHsCN2Lb8QJAxvxjLHTQcqAkosjmPuRTxUtaSn4nVd3zvHZ2kgMDW,Hm5MnwnFhyLF9ZDCtA4dqWXSWF9UrntM1HQUcSofeVV2,WuE7HjnsyebLpmBtVFi9wV,Deposit
2022-03-17T19:08:11Z,5youUDiz85nZfwnyjusrEY31mXku62cjt4QEL9MR47HRkPm5vMr9HbKhgtSP6TkbjedZgaoEMooZreBBiJXjXmqn,FmWhxy41kCuKjF6dfZex3f6JLbvegf2PbsowDKVMr5s7,WuE7HjnsyebGPYvH8uzbd9,Deposit
2022-03-17T19:08:16Z,4Lm7Kwx3PVLKvufNL6c6cFHxDqQdWch1782GoW76ztBsT9GgTmLYojMYwGgM9gNPt2XeXiYA4MmUMHBsRywXA3fT,5tkwC5in3MpziL4twj7Z4bS78myL1LKgwRYL4WStx8cm,WuE7HjnsyebK5Tp1x7sHWX,Deposit
2022-03-17T19:08:28Z,5dG1dbajBVsC3NxEyQbaEQvF3N6TfYpX92Ve7mBy35HYTWFfABhgQNXRjeufXp5EyYJN1mWiAa8Xsn7u3g8V6f5R,GgF8AhcdiJ4hhyFaMoJ3XpQo9q7NgFnNaMQ6x6Xj3Lvt,PcB3tF1KHa1nm8idUnttS3,Withdraw
2022-03-17T19:14:29Z,4bR1mfCkWyrkAVR3t67qTSdpcJToTeicUNr87K2BAhHhhCvm2ZpY7WWh5mgCy6xHE1gc8ponBBHFHuKC2aiBNMA,5tkwC5in3MpziL4twj7Z4bS78myL1LKgwRYL4WStx8cm,WuE7HjnsyebB7AWmUv8R4j,Deposit
2022-03-17T19:18:54Z,5iSp6BYSy6SSFiw7mtHUcNEjEFgqWKtMsBRZZkxwiPTjPLyery1iLc3GCACbzJjDVVSdkyD4mCpJhNqeMJV4E9yz,7Jt6Tb5TRSE3HwrgmHZZHFaX1orhuxn8aaRn89opGky7,WuE7Hjnsyeaofx52pBTrSb,Deposit
2022-03-17T19:18:54Z,5iSp6BYSy6SSFiw7mtHUcNEjEFgqWKtMsBRZZkxwiPTjPLyery1iLc3GCACbzJjDVVSdkyD4mCpJhNqeMJV4E9yz,7Jt6Tb5TRSE3HwrgmHZZHFaX1orhuxn8aaRn89opGky7,YU8PpoqdnQP,Unclassified
2022-03-17T19:22:29Z,3giAq82URBpzgS3MhqcnF1JTbKVJFQ7t3cUxQrB95PxaDhJaRECLgkdK196k2MfWC4NukMGYNKXQdfcS9p8XsGAD,3Lr6s975D9KyCaasnmepnBVEsKoZqpEP3G6VCWFK1F9T,WuE7Hjnsyeaofp6jtz6ENs,Deposit
2022-03-17T19:27:33Z,5YhGmUs4bZ8xsmbZjNgJhqipXdQExejJgoqif2N7KNVVLLs7T3UbTwmxZy669FDqrvaW936hcjp6Z1dw43JUpmYp,8e1q2ax3fBmYTjpKdgQzCSRPn1hgv1mbom4g1NMk7ZeS,WuE7HjnsyeaocgEbznBLBH,Deposit
2022-03-17T19:28:24Z,63d75ns2nATrkJzHs7Sc5mGPVWHfc9Cx3WpGG1LEroi35sxmwSNqK6xCVvf7Ntu5w7pJA6Ss2m7jcNztVE7TuuJY,C7kUxhQVt1PvaaxCsXi6qF9RP24MmCi9pdxAm4AVRwse,WuE7HjnsyeaobhRDVjJMZh,Deposit
2022-03-17T19:28:43Z,4erWMA5UewXfUeERCTY4hbHPH7wVWPQboKW2srJEBHv6V24ex93nZ5gimQNWuYFQSegfpNEFD6QsEpJQUDKHjCUC,5tkwC5in3MpziL4twj7Z4bS78myL1LKgwRYL4WStx8cm,WuE7Hjnsyeas75RmCqChDH,Deposit
2022-03-17T19:29:01Z,5tKEXux8CGWfeMhd8cwzbQvFTHb1nfGriQYAt9cxenNmJkTTPvo9MNWWXexAJYJBa27cqQc12fML1xZfmVXh9FoX,EhAWpzWJqeBm5m2GHoLFzY6XgU9N1QBAPfeaqjwdMweN,WuE7Hjnsyeb1RDK5GVcrLw,Deposit
2022-03-17T19:29:52Z,vpBz5es8vUbCDt4MjKRFhDcZ8qC8rNhPfCqDzyB8SUmZzDagj4KF33zc45MgCP2YDLx6JQQhD5UnZHtQMj8cjZw,C7kUxhQVt1PvaaxCsXi6qF9RP24MmCi9pdxAm4AVRwse,WuE7HjnsyeaobhRDVjJMZh,Deposit
2022-03-17T19:30:31Z,5g9X7RyyEVxg1WAHJiViZJ9UFdWBnXSckdHu5r5U7T9oC2tN1tvYZ4RtN5HG8cV6KJTemTrbv3EiophLopPxvYx3,4wXUiUcYAt8MGzcSZeJpKPtTnUZyUsJLJNbBQejY6twk,WuE7HjnsyeaoaxHyPvq8R5,Deposit
2022-03-17T19:33:26Z,1kx6PYTANDwsAZGZ5xoRNe51uRK68k6roF6KYDauHQMmemH4JunDBCA47oHT2J1QUbh5YJHFdoZtQECqUVLVbZp,79jbRVMQu5rQkEcAPbzZNqnwKEASHyEyWgUn9q76yUKT,WuE7HjnsyebMMna7JQjuh1,Deposit
2022-03-17T19:46:37Z,4NyxkijE9kJfZCP9EG2GneP14aYfMfy7uK5bo5PFEtMHdv4WaytxHg6ZDH1yZ5vth5soULPEr6K6wyhwLXEefVCx,C7kUxhQVt1PvaaxCsXi6qF9RP24MmCi9pdxAm4AVRwse,WuE7HjnsyebEbLaLpQ1uH1,Deposit
2022-03-17T19:47:24Z,4NKw1qv8LogHqWC9Ux2dbGmL8aCdx3R4ACQe5Cd4DQqEE9o7wprqo6XTFdi4foUb28FRaELAfDEShAa3CBhbaTcq,C7kUxhQVt1PvaaxCsXi6qF9RP24MmCi9pdxAm4AVRwse,WuE7HjnsyebW8oktUmdZzP,Deposit
2022-03-17T19:48:18Z,2zqY2bdiJKTFo3hnVVHdJv9bpFbbCeMmc9Hn6PrBdy6MkrgzjCrADevZtBR3nTdxzo7psb16h9hiRmKH5WWXM5YB,EETe3LSWbvA7WHqviipMkKuNqMhtDqvAeewMneunVnjt,PcB3tF1KHa1qs1ym7W7Rcs,Withdraw
2022-03-17T19:48:18Z,2zqY2bdiJKTFo3hnVVHdJv9bpFbbCeMmc9Hn6PrBdy6MkrgzjCrADevZtBR3nTdxzo7psb16h9hiRmKH5WWXM5YB,EETe3LSWbvA7WHqviipMkKuNqMhtDqvAeewMneunVnjt,YU8PpoqdnQP,Unclassified
2022-03-17T19:50:58Z,33GcYK6xZBAT5Yc2co34PhCRMG9SB43gxqZswa5v7vnV8KmaFP9UhQS4gguv4VgVLmo9cSZpmCEJ8zJ1GhcrF4Xp,3aF8qA3Zu9UkwyK6MopArtfT1mkrbaoTF6PNf6R2fFJa,WuE7HjnsyebMnmo69PDbpK,Deposit
2022-03-17T19:51:39Z,5jVcjo9HgSVsJ6T739Yc9zntLHF6Fu69JMPWsGvzo31wQVFNkZ2LtiCmwoMqgF2SPiFgRndb6UzFGc4mAbt1DFZK,C7kUxhQVt1PvaaxCsXi6qF9RP24MmCi9pdxAm4AVRwse,WuE7HjnsyebVYST1hQX8T1,Deposit
2022-03-17T19:52:31Z,3YpDMBfBNwKaeNLGr8k7noUK7KenNx6Q1dAG6yNYWbuG5uUJUy3oAzoqyCQWh3n8h6mym45UPB6eLPo6JMFYZxvK,FKSPZvLju463oZ2FMEghxnYZ5379yWicsr1fqKmdCjQn,WuE7Hjnsyeax7ZUPP3RDHH,Deposit
2022-03-17T19:53:12Z,3VeryQieMc7ouT5CC53mqcygy7Fuu3dLASvE7v9aiWHyzf45neYY9XYymgemizKSnAn59krzc8ubTTHadv1W3Kmc,FKSPZvLju463oZ2FMEghxnYZ5379yWicsr1fqKmdCjQn,WuE7Hjnsyeaofx52pBTrSb,Deposit
2022-03-17T19:53:48Z,4NdunyWWDiFj65CABhVEFHxUfNGg5ENbqARTCvzLJnGkLeuECJDqnjtTBUuoPG7aCY3T6E6TTmAgKQSBaPVik3m4,FKSPZvLju463oZ2FMEghxnYZ5379yWicsr1fqKmdCjQn,WuE7Hjnsyeaofx52pBTrSb,Deposit
2022-03-17T19:54:20Z,2gR42JFszpgMwQR7a9NS5Y2gKXbtwkg6c6NTPLxiJXWfVscJffGWYpSuzCkZ7F4H5KFwQTkigo7r4oLWEzNAEVjR,FKSPZvLju463oZ2FMEghxnYZ5379yWicsr1fqKmdCjQn,WuE7Hjnsyeaofx52pBTrSb,Deposit
2022-03-17T19:54:20Z,4J2gaJthBAMbF4BJRVNEw8nev1kikqsVTE7UvQ76VbSzZyMZAzoKY4F3GytGALFUET1HEJYtA28gnKDPL6qgKz9o,7V4bYsx7LXLikhPsXPNedvmHb6swdz8v3PHRZnUT4NHk,WuE7Hjnsyeb38LgjCEPzpw,Deposit
2022-03-17T19:54:20Z,4J2gaJthBAMbF4BJRVNEw8nev1kikqsVTE7UvQ76VbSzZyMZAzoKY4F3GytGALFUET1HEJYtA28gnKDPL6qgKz9o,7V4bYsx7LXLikhPsXPNedvmHb6swdz8v3PHRZnUT4NHk,YU8PpoqdnQP,Unclassified
2022-03-17T19:55:31Z,64jk3JRd6Sqd6cZvkFtTM3TNkU8KkgzVQg1uvFuYPJGTfvTfd7Wdhr6iryWipPBS2PQE7UwL847dZut2sDahjG6a,C7kUxhQVt1PvaaxCsXi6qF9RP24MmCi9pdxAm4AVRwse,WuE7HjnsyeawF9BujVdJXq,Deposit
2022-03-17T19:56:11Z,4gGuXe7yd86iGLv4C8vuoGMvNANnVfyjKSmPSmQ6bvcoFWvFdeJXCRPYLTBPw6Bjnt2PVi3WceNFAuLgkGLaJZfR,FKSPZvLju463oZ2FMEghxnYZ5379yWicsr1fqKmdCjQn,WuE7Hjnsyeaofx52pBTrSb,Deposit
2022-03-17T19:57:21Z,5NUkpAdyEGXHBe8o5GopBQFc2Pfk7MxJMNNcnsgeQDtuZmy7gre6eddPnfCqjYyDVNrGdxBR5BwQNeVXjMfC82BJ,C7kUxhQVt1PvaaxCsXi6qF9RP24MmCi9pdxAm4AVRwse,V8cW2nMq2i6,CancelPendingDeposit
2022-03-17T19:58:37Z,5hmnisnYsEfCk6EyVT95WcWdLDfSRCESseghM4smkPfhcF4L6fvTW73kXcLzpHRKVP5PY5KXDQhoQb2GsxzZTzxb,C7kUxhQVt1PvaaxCsXi6qF9RP24MmCi9pdxAm4AVRwse,WuE7HjnsyeazKidxygDDQB,Deposit
2022-03-17T19:58:59Z,64XpN2Z315ZtdE33k6VdAR3ozQDRVmme9rs1Ba9y8ua8gQJ6b9gFhSD4RSraimtvZUPQEpDKfAfjEEawLd5DG3WG,93rDhJb5v1QEHkH413SNcfHkpU6NHxAdxQkqsDXRTqyH,PcB3tF1KHa1s4MmrGMrkQw,Withdraw
2022-03-17T19:58:59Z,64XpN2Z315ZtdE33k6VdAR3ozQDRVmme9rs1Ba9y8ua8gQJ6b9gFhSD4RSraimtvZUPQEpDKfAfjEEawLd5DG3WG,93rDhJb5v1QEHkH413SNcfHkpU6NHxAdxQkqsDXRTqyH,YU8PpoqdnQP,Unclassified
2022-03-17T20:03:22Z,3Ti83jnXWCGEGhQRAkmD6XmwwpYfYddimTUa2ERFgPDHbnkSMgau3aSLTfNKwTast7GQg3aZbDisCe6mMJbngWek,C7kUxhQVt1PvaaxCsXi6qF9RP24MmCi9pdxAm4AVRwse,WuE7HjnsyebWYeDedDRNyV,Deposit
2022-03-17T20:03:40Z,2nmHpEKKzsubeJn2RSqYXTPzR2hWL76GNVCJsk3rDseCv2NLDfk7SUC9qADu9b9QEmhwkQYcCSDkswUaP4shJaKZ,366Wic2Gk366w2PcwAXYWXdgpdJX6heh9rG63VdHFAuq,WuE7HjnsyeaoguzN6T854j,Deposit
2022-03-17T20:09:22Z,3wW82StYNqYKMAzSFegkwYpVmyunfWrJ2zQP1G76qUxGXtCkP9N8LcqTPf5hsruucLycem6Foq5cF7WRh3i1i2sA,EgdRrXDw9tFqgicAp4nmWKzuh3gjQtienvMGTr2DUj65,PcB3tF1KHa22J1KjSwLfKV,Withdraw
2022-03-17T20:09:22Z,3wW82StYNqYKMAzSFegkwYpVmyunfWrJ2zQP1G76qUxGXtCkP9N8LcqTPf5hsruucLycem6Foq5cF7WRh3i1i2sA,EgdRrXDw9tFqgicAp4nmWKzuh3gjQtienvMGTr2DUj65,YU8PpoqdnQP,Unclassified
2022-03-17T20:11:31Z,2fckWYe7tiUrw2cpds8sBQmTkaozApt89ycfUc5bLNjKX3RUVgh8p1ttXKXF5P5Eco1Gt7hKXJgMjt9WmcxVqjMt,EgdRrXDw9tFqgicAp4nmWKzuh3gjQtienvMGTr2DUj65,PcB3tF1KHa2B1sf8Pkb4PR,Withdraw
2022-03-17T20:12:24Z,8qK1GNGuZxpiAvp9X2yyozsVtr5MfR4vpqY2k9NYCLUe5uXwHw7AXF2aaB3zxRThvwcvFMnsfaj2czJJxyjLdhP,9wqS8gK8Eu8PFwVXCiCRbhqRHxr7Gu96AmfqVTs1bqfd,PcB3tF1KHa1u9wh9cCVoW7,Withdraw
2022-03-17T20:12:24Z,8qK1GNGuZxpiAvp9X2yyozsVtr5MfR4vpqY2k9NYCLUe5uXwHw7AXF2aaB3zxRThvwcvFMnsfaj2czJJxyjLdhP,9wqS8gK8Eu8PFwVXCiCRbhqRHxr7Gu96AmfqVTs1bqfd,YU8PpoqdnQP,Unclassified
2022-03-17T20:16:38Z,5Ax2rUPo7q4FAwXTa8W4eyXUXXW85MoXDEhtyRptRHrg81GXHbjCsSfxc1MJcZkiCdHmJfZ2rA6LUdLYK27FTCGk,7MvdE5D9g8demfTPvo6JTaqbMSvvxo3sfFCrux1qoye4,WuE7HjnsyebMjwju5Ax4T9,Deposit
2022-03-17T20:16:38Z,5Ax2rUPo7q4FAwXTa8W4eyXUXXW85MoXDEhtyRptRHrg81GXHbjCsSfxc1MJcZkiCdHmJfZ2rA6LUdLYK27FTCGk,7MvdE5D9g8demfTPvo6JTaqbMSvvxo3sfFCrux1qoye4,YU8PpoqdnQP,Unclassified
2022-03-17T20:20:35Z,58tHuStBbbiyxp1G15QWQNhC8vJZnBntJPtJAjWA3iZGcuXVeQP2DuutQAR8zfKqZX4n41UapEnfjFRrzKUXNw2n,8FHU25xofuckpYWEc7c3M6dvJCKUTxojrF6VMtf3bXdM,WuE7HjnsyebTSk4jJUNixo,Deposit
2022-03-17T20:20:35Z,58tHuStBbbiyxp1G15QWQNhC8vJZnBntJPtJAjWA3iZGcuXVeQP2DuutQAR8zfKqZX4n41UapEnfjFRrzKUXNw2n,8FHU25xofuckpYWEc7c3M6dvJCKUTxojrF6VMtf3bXdM,YU8PpoqdnQP,Unclassified
2022-03-17T20:22:21Z,3e37v95wAGz2tikUpgoQvNPvbH97k4EekrnkPb9EGAi918eusHYgNUQrxZDmaTVvktHZNYt8z5gLSFKR7qALKhWz,3vx1MWLnj3VZBDUjSh59DGb1dk6jDRLDaBkxHEV7zxbE,PcB3tF1KHa2Pne1A3J9UFy,Withdraw
2022-03-17T20:22:21Z,3e37v95wAGz2tikUpgoQvNPvbH97k4EekrnkPb9EGAi918eusHYgNUQrxZDmaTVvktHZNYt8z5gLSFKR7qALKhWz,3vx1MWLnj3VZBDUjSh59DGb1dk6jDRLDaBkxHEV7zxbE,YU8PpoqdnQP,Unclassified
2022-03-17T20:23:37Z,56spLJXFt2voLhL7Mc8djfFtVJ6ZRvrXE8n25fVYQpBFKRLQtPVACdtDMVPm6Zg9Z55DYtgi3XnxLz43Emor6GuA,8jDEJz1hwuQMNSaSbvouK9qSczvUF7V3XK1DXe3t3wfF,PcB3tF1KHa22Cd8yetXjaX,Withdraw
2022-03-17T20:23:54Z,3S9QbJcjK2R9Y5NM7NSZaBzNfEKrwSmHGkzftm19oRvKsGqqG6pDVT3MLdtzgrGLQoxYfhcWp8Hq7q1gWeNn59Ri,FKSPZvLju463oZ2FMEghxnYZ5379yWicsr1fqKmdCjQn,V8cW2nMq2i6,CancelPendingDeposit
2022-03-17T20:24:49Z,2K99q8DGCf91unGMBYNqQx41W5QrMDAnEiVirurGqNdjqPg5AWC6pSG9m86X4vZxrXzRAPygTLLH7aH8sRoUrvoG,4NUxsvv6KAAR17nVuGvtQ8FmFX3Ej82ZnnuMMjN5RvdS,WuE7HjnsyeaoffBRuKcX8T,Deposit
2022-03-17T20:25:25Z,3Lv7DyK6csgzESVncYSLZecnmpRLgs4VFo9bm3pwwyddBstHgdw756apf9jXBH2ho9G4mCa9HPjkbkKQp5ky5Rcw,FKSPZvLju463oZ2FMEghxnYZ5379yWicsr1fqKmdCjQn,WuE7Hjnsyeaofx52pBTrSb,Deposit
2022-03-17T20:39:25Z,xNBk1syyK2NASzZBeUiQbCxGGLNxuTh6QQYbPKCAGq6LtvZiUNGGMGWNq26g4zL9YJfP4LodPQjY5q5LkqRkV3f,ENvAgELWWXSFasbyzFuHKgaKSeFbU3eEHgZnHCFe1DKV,WuE7HjnsyearRnGS2KMbCT,Deposit
2022-03-17T20:42:18Z,3BroT1H8jfhLyAg2uFnAyk7rr9br7nV4xBSc9avSFiaeNgUKqdAE2dcaH7MPRWqzzMkKTLP52WsieqabSid8eBEw,BT9dr4HFdbG7AgvtXE34ndPZpcAvwGH9QqR174RDSCSY,WcTWQsnk6BT,ClaimPendingWithdrawal
2022-03-17T20:49:41Z,5eQNdL3ashDv5hvPvC9FzXfQxbcALsirviafVGS3rYR8vhCqPxAc6XnVDjLXYqQfRFN4atoxfC49AEwLPHcH3c9X,Ej8eoaJVVhgjRioafZ9G8paidP7Dpq5vpaaQUeuMLWKy,WcTWQsnk6BT,ClaimPendingWithdrawal
2022-03-17T20:50:30Z,5PVGwbye3uV9tG8zcaHurQz5SDtzoA6ZCf78CHQ51p6Q6vsXSakgBLGQhh4mEFAJqoPsaZBDWYJR6CCBJGkDzw41,JCRBM15628MqfynUkRG3yW83d955p4ZzUeSPUGsjhL3S,YU8PpoqdnQP,Unclassified
2022-03-17T20:53:58Z,3akH6ssqRXVCYJkAv3jTkdYi4Z6Xt7PSBSc8EZiAtXipc5G9HzxmDcFxH1YV2s9yFLhGUY9tjBNF2ewNhAzAK5rb,JCRBM15628MqfynUkRG3yW83d955p4ZzUeSPUGsjhL3S,PcB3tF1KHa1sNiu2sgJoNo,Withdraw
2022-03-17T21:05:25Z,3LLJpRiW7wybwKGP5FwbpRzTchEGh2aHs3sCgC2N3X6DsAcvCXe2dDP6LFqWj7ZtAtrKRX5NJV1B7Qx59V2RW5Ho,mmGdMwUaNpo3dLyc96vaMRLwiPU6djAA2ATynmrHGM6,WuE7HjnsyeaogqQJ2fosJo,Deposit
2022-03-17T21:06:04Z,55hQodSa9vLojCC1zV5KfSu47gVyferceHKizUUsKtKSidbQMzTcetJ1t7vHt7aQrJiBY8zP96yDHPjt85bRcisx,mmGdMwUaNpo3dLyc96vaMRLwiPU6djAA2ATynmrHGM6,WuE7HjnsyeaogqQJ2fosJo,Deposit
2022-03-17T21:09:19Z,4gdpPdcpeyiEP7G66phQNZcHK9xJTxTuwZMqC6nZoXunuKBEPDWUdsZwsgFFWNt9S2RV69kpvs39v48wc3L3bHGG,6hTpdC3udnoGLapS1Uxrt51sBRcDH3finesjETPqrHjK,WuE7Hjnsyeaoa4xiBSV7Ys,Deposit
2022-03-17T21:09:51Z,4xtViGspxXECac1FRRxAoZqrfeckTbv2vfQpGjDTdyQFqnuNUnFmKKzrGV9uJTCE7ygtRbd1ZSUSDb2Hks88GRec,6hTpdC3udnoGLapS1Uxrt51sBRcDH3finesjETPqrHjK,WuE7Hjnsyeaoa4xiBSV7Ys,Deposit
2022-03-17T21:12:52Z,jYHKH9HKcSDWmWouQUXTEY26h8cfV2Ag6bLxxkn5Wct6j87yhszaRwhKuRXAG7ZfTQWyVhW8kvZ8L62NxM95Sxs,FPxHs6uB32A2tUgjiCN93dEDnnEnWnPRdmZhs5qDFhBB,PcB3tF1KHa1xZZ4xG4Yit7,Withdraw
2022-03-17T21:12:52Z,jYHKH9HKcSDWmWouQUXTEY26h8cfV2Ag6bLxxkn5Wct6j87yhszaRwhKuRXAG7ZfTQWyVhW8kvZ8L62NxM95Sxs,FPxHs6uB32A2tUgjiCN93dEDnnEnWnPRdmZhs5qDFhBB,YU8PpoqdnQP,Unclassified
2022-03-17T21:14:53Z,mT2cRegqHKyJ9wGUV4Eu5UPX5sK1csJBfFTv3cPiNMkkADN78KcCZXhq1bWKJCADnQPjFh7MqAKicPC46NaC8sQ,GedG3v5kyfKaqFdUXpY9SJ8tvZaKY1em5TrUf9ENfaPt,WuE7Hjnsyeb19D2z8GVxpo,Deposit
2022-03-17T21:15:14Z,4ZWkKnJgCGfLvQ1B27cqtiskov1VqYhCUbinGzDjAYcULmPucqrWuDLXeoojMB1juNPfPzf39NmQZZZdeFM5iJLk,8dbR8MtEnfJj6E1GA2qvZFJQ4oh8bXbzfird2L3J7uVe,WuE7HjnsyeaohySBHFnd19,Deposit
2022-03-17T21:15:14Z,4ZWkKnJgCGfLvQ1B27cqtiskov1VqYhCUbinGzDjAYcULmPucqrWuDLXeoojMB1juNPfPzf39NmQZZZdeFM5iJLk,8dbR8MtEnfJj6E1GA2qvZFJQ4oh8bXbzfird2L3J7uVe,YU8PpoqdnQP,Unclassified
2022-03-17T21:18:34Z,35fXhK7b4ghSAdMWDw6EupS4wAcQS9YTjaZ8YsDQKWwkvEcfpSmr28bDAumbFzrhtL8bLCJdES4qmXrWaDZGz2eq,mmGdMwUaNpo3dLyc96vaMRLwiPU6djAA2ATynmrHGM6,WuE7HjnsyebFY8eittxrpF,Deposit
2022-03-17T21:18:43Z,5YuKNQJDePLYeq1QJms5mRhYJ33fxnac2VKpQGsoe18hRtYFUEnrE1iVuRFhmHpGytatKo1LVs3NV1t8cexr93QU,5Fq7ssKey9evqyTgtESLJnhutJZxTUWKhm2m4fbX9CFR,PcB3tF1KHa27WWMTy2rdju,Withdraw
2022-03-17T21:18:43Z,5YuKNQJDePLYeq1QJms5mRhYJ33fxnac2VKpQGsoe18hRtYFUEnrE1iVuRFhmHpGytatKo1LVs3NV1t8cexr93QU,5Fq7ssKey9evqyTgtESLJnhutJZxTUWKhm2m4fbX9CFR,YU8PpoqdnQP,Unclassified
2022-03-17T21:19:58Z,2TP2FGDW8QjNQLedHgppqeEeSY73EhmqVgFDCdpZmbdTibqVWBcS9ccW75ULwJtHCabLMvLTuX3iJ9wmDrPoqRQM,mmGdMwUaNpo3dLyc96vaMRLwiPU6djAA2ATynmrHGM6,WuE7HjnsyeaqDYTHeT4YBh,Deposit
2022-03-17T21:20:32Z,3sfo3jiBrYyw5pNWscaaFLcDhkQfhbYShWMDzZkHjKFD6RhBU3fsMRhiXkQ6TjrWGDG8UT4DEB3yewAtgJDA1r2L,DxMJgeSVoe1cWo1NPExiAsmn83N3bADvkT86dSP1k7WE,9RXvtAW3kZM,Unclassified
2022-03-17T21:20:45Z,28nZcxYZ9sMCbotCXRrdRLx8GWksnY4PeJYAeiaRcKNyGkowt8qAuDQbMmgsvV8afmaWZmqMpPhG9vrZX8zakGN4,D6mQT7imPfYF4VUVdVXKR1Rgya6oefmxYnihzy9CpUxB,WuE7HjnsyeaocFpbgsk51y,Deposit
2022-03-17T21:23:15Z,5cHNCr6ejgqS87x32yorNk8KyBWukftfNesuWT2gbqqcVSjRpGrcXsD6soZT1WoJGMnnDjw8MV5oFExicf6NicQ8,3SVeFPSRrhWbZFw2vvv8hf5H5t71gL7wLRQdDnUGw4WV,WuE7HjnsyeaofrZ3npY1ew,Deposit
2022-03-17T21:25:50Z,3K4LXrpKLnzv47zTXHGJ7akqPXYySN2FAyCiwaXDa4cEfyWogt5gWxGx97jnPtsq9cjacrwZ9nJ23Av1VheVcjSe,GjorqD9Ku3Uq1a3LH34MEc44eTEBqtf9evU5t8p7iowy,WuE7HjnsyeaoZz6Bz5oBef,Deposit
2022-03-17T21:25:50Z,3K4LXrpKLnzv47zTXHGJ7akqPXYySN2FAyCiwaXDa4cEfyWogt5gWxGx97jnPtsq9cjacrwZ9nJ23Av1VheVcjSe,GjorqD9Ku3Uq1a3LH34MEc44eTEBqtf9evU5t8p7iowy,YU8PpoqdnQP,Unclassified
2022-03-17T21:27:16Z,4pd8k91SMvbasWu1oR7VrmHVhaNFciWeGmjvBUR3vGTRL3yZduLSfiZHfU7u5K3y6eAMivaEBspJQJYVtZ1h4GVU,5fckX1DaaacDpqgMmFPdUJ3U92Zxt4UkV1wtBpKhr2vR,PcB3tF1KHa1xxYMLfmJ1PV,Withdraw
2022-03-17T21:28:18Z,5sPxBzwECefhW47CePF54bFKix9UqxBNZQ4RAvELugrN85JCK4NVCz4qBBUvr9KmXwmq98jhiNDPCncngFM4XW3R,GjorqD9Ku3Uq1a3LH34MEc44eTEBqtf9evU5t8p7iowy,WuE7HjnsyeavL2qT53GQFZ,Deposit
2022-03-17T21:33:05Z,561rqwa5WV2zGDcAHkVanANv8cS8tk9ymLfK9wigs4vFeFdG5CNzTjf1XQErFhA7Lmq6ygbciy9nM249uC1TFNxN,3zHThFDkyeWdmsj3wVHdiUhF3hhGXaMW8SmJkBKzjHbQ,WuE7HjnsyebB3jriTd85Ef,Deposit
2022-03-17T21:34:59Z,2g4UWaHoMm9MrSAPaX3Bii5pGjcAkn7PkvzSHE7vqWiC8p1EuvYkXjWPt4EwF4L2sJEAFfvMh4TpnRNnKzoSJpUM,DxMJgeSVoe1cWo1NPExiAsmn83N3bADvkT86dSP1k7WE,9RXvtAW3kZM,Unclassified
2022-03-17T21:35:18Z,4YtDjBxEomzn8mg5M4evSUZpdwJkxGEj5cam4Pnr3bTDtwP6vwnCUzsA3yEYYcU9yvK34wryn9H5y37YP64BG47i,3zHThFDkyeWdmsj3wVHdiUhF3hhGXaMW8SmJkBKzjHbQ,WuE7HjnsyebVXpVzof4j6X,Deposit
2022-03-17T21:35:22Z,5FNUCRU4gRyuKQGq61kscjdv3P3zQJZtpWZPcjFLpGeSCbQ4mWgub7JygnzBuzb6rdnunbH3V9QENaLKwzgogke5,DxMJgeSVoe1cWo1NPExiAsmn83N3bADvkT86dSP1k7WE,9RXvtAW3kZM,Unclassified
2022-03-17T21:35:45Z,Gctk3781geboZ2BpgKUpV7B3vKdbbxSZT4dnRUwKeAB5FxPaKP7Nn38TKBmdjCv71EC98jnEt4PpXUxHNhMb6sh,DxMJgeSVoe1cWo1NPExiAsmn83N3bADvkT86dSP1k7WE,9RXvtAW3kZM,Unclassified
2022-03-17T21:36:13Z,4GGasNVhDSNkfbubTDJwEwH3FMDHjLvgkDNJ5CwLKXXBE6Gh3tFFpoetHwmqWsNjstnCo5y2Zrfk3eri3mLKFNuY,DxMJgeSVoe1cWo1NPExiAsmn83N3bADvkT86dSP1k7WE,9RXvtAW3kZM,Unclassified
2022-03-17T21:36:21Z,2LAG4N7oStuf5priu1EgtjH6aR39Wsbc4p9kWk5rBmsAHndsdzXn5mEwZjbQ4GALAhAPeNdESgW6CYyaHro9mcff,FShE9XgRuGrQymP3YufsTejWqZh9ZA9njBmeoEbsAfnf,WuE7HjnsyeaofKqPe1Eyx3,Deposit
2022-03-17T21:36:51Z,2ydMZJdC2JKspiN4n3ZC9Az7KKmGigVHcX8jDnmHw2bR3DhjWM47EZc1W64CzuvN3bkAn1FZQQnxnBzmG3NxMYuu,DxMJgeSVoe1cWo1NPExiAsmn83N3bADvkT86dSP1k7WE,9RXvtAW3kZM,Unclassified
2022-03-17T21:38:32Z,6BqqQZVQfF9BSSYqWtFaPr22Mc32tpGhuut1tPDi8R6ZF3S4i3Gp69VLF7Emy3UKvZmbCaZQB7Ugx9Fjy1imHnm,FmZti3EWSSPMXvwAvM5V9W59k8wvKYMVczRTTMER1fo7,WuE7HjnsyeathgrEoL98h5,Deposit
2022-03-17T21:53:48Z,2uhc1vtXKi3VNRuuY3TDwsxvwnpLnXyVQBhJKSbouJxTTJbRrXxoJCTzRCxPM4ZGbSc55jhRJ6c8UPusk4duhgFb,77gwuRTfZ1NksHFuKrGwTikbCo9w1s4sdthzndsjfBrR,WuE7HjnsyebVGYNSE6wQPh,Deposit
2022-03-17T21:54:09Z,4zxmvZkh8fKAhGFxM3fKWweUbbTvhNUwuqEBSVQbS8AMFQYhLoaXxR8ZRZWtAqGes4k9tX7Kv8UZKMuHaqccL7WT,268w1MgvA8USQQG8DkZEHYLDSbDnWCU12LfLYj3USARn,WuE7HjnsyebFp78FmXbvkX,Deposit
2022-03-17T21:54:09Z,4zxmvZkh8fKAhGFxM3fKWweUbbTvhNUwuqEBSVQbS8AMFQYhLoaXxR8ZRZWtAqGes4k9tX7Kv8UZKMuHaqccL7WT,268w1MgvA8USQQG8DkZEHYLDSbDnWCU12LfLYj3USARn,YU8PpoqdnQP,Unclassified
2022-03-17T21:58:47Z,3t8XR1LoUXkzhA1pDfhAYe1A7hohjfEZTeyesGtscG6UG5rwq7PJCghPoK4DSRjYfkeZpPQSPedwtAXFDMKn8Pk5,3AthL3CDLUHqLLReCS3gaHEXAiyLpuTQuQXx1uMrT5g9,PcB3tF1KHa1zdWjrprPFuZ,Withdraw
2022-03-17T22:04:04Z,3YDDF6HLPpWrS2Xh5tGJP7dTJK7ht2PJszRWwji7yjAcAkQK97YeFvAcqSYMDjUEGdGedyzNrndrEXhkTmuPonMX,DxMJgeSVoe1cWo1NPExiAsmn83N3bADvkT86dSP1k7WE,9RXvtAW3kZM,Unclassified
2022-03-17T22:04:12Z,5byQQfy5vtGWy1tpZKyFH7NXdGZ1QqwMLMs7ADbgT6n3sZH9E4ffXUxiW2uAJVo2Scp4GjVuoB8c6nfEB8XGKv6r,DxMJgeSVoe1cWo1NPExiAsmn83N3bADvkT86dSP1k7WE,QWjEtL41axY4jMqQdPowLTkcX1nVT3iBi6,Unclassified
2022-03-17T22:04:24Z,5BTqUiRiAan5uRGDy3a67kGwCNGYCViGPBKdvghUj5fniSEH2cbgn4apLD2iV2MbwvPoBt8tzWCmKmWqoPmD3Fgn,DxMJgeSVoe1cWo1NPExiAsmn83N3bADvkT86dSP1k7WE,BPUqXCTy4Nf,Unclassified
2022-03-17T22:09:23Z,4kQc1q4vVnfGZQWrx9yFx32TJ8S98xPwEAw6UfskbyVtvi3eh455GHoraJRiDh5NPEtwdzdMJTBEc6fco98XHoDJ,4FMUSYqBYem11aJd4jMPnk8HaNbL5Ww3y9fjsEB9jUKb,WuE7HjnsyebGR51xUkfar3,Deposit
2022-03-17T22:10:32Z,4sWgu4UZ5uG28SokoWUBHuEQWvz6grJxJBSsQ9F5Kbireo38eX5BEARME8Cscp871Bm4mdhxwhhcd5q3Y6W1ZQz2,2gaCFRJMqq8ZSvkArknNLeTeoif2xLmcKt9BcLjTXh6B,WuE7HjnsyeaobsAFtSgDN7,Deposit
2022-03-17T22:13:15Z,3yi6sxyAXscupfMqfyXtpCrpbEqoX1xQjG7my22rFKaizrCw8vSjpPpTyEGQ1Y9gnpw7G2mmjrfzRLa5jCLCVsFh,2gaCFRJMqq8ZSvkArknNLeTeoif2xLmcKt9BcLjTXh6B,WuE7HjnsyeaohSi2FGR6md,Deposit
2022-03-17T22:13:35Z,2js15JyVysnSKqVtNjHjMEEDuPbzLwSuE8HDL5VW8zo6opCMAwNEFJYvgD43sCNJkkMoCeEVKLQui8UQWs3uNkmw,2gaCFRJMqq8ZSvkArknNLeTeoif2xLmcKt9BcLjTXh6B,WuE7HjnsyeaodtWuULvVQ3,Deposit
2022-03-17T22:14:03Z,2HnAAekMFsen6ToMw4ckFMaWcAgM42vhGE7mweJmh87vK8cEvigzUKcEZzFNbzqc3NuHqGBrDaU5CMwrXrsGQvRY,55HALo7xwMgQsziPinNEZkoELuvGRz6VYFFv78xApf8,PcB3tF1KHa25Vg5Q4hfKQs,Withdraw
2022-03-17T22:14:03Z,2HnAAekMFsen6ToMw4ckFMaWcAgM42vhGE7mweJmh87vK8cEvigzUKcEZzFNbzqc3NuHqGBrDaU5CMwrXrsGQvRY,55HALo7xwMgQsziPinNEZkoELuvGRz6VYFFv78xApf8,YU8PpoqdnQP,Unclassified
2022-03-17T22:15:38Z,46Em56YUgAKLtKvKRv1367J5MkKR2gKKP8wfXZ1JtPeAr7BBvuaNSENKCb2ZFN5sN9MNyfBsAauApNC1G5G1my2h,55HALo7xwMgQsziPinNEZkoELuvGRz6VYFFv78xApf8,PcB3tF1KHa1wsDyEesjYt7,Withdraw
2022-03-17T22:15:38Z,46Em56YUgAKLtKvKRv1367J5MkKR2gKKP8wfXZ1JtPeAr7BBvuaNSENKCb2ZFN5sN9MNyfBsAauApNC1G5G1my2h,55HALo7xwMgQsziPinNEZkoELuvGRz6VYFFv78xApf8,YU8PpoqdnQP,Unclassified
2022-03-17T22:15:46Z,2CM7tQG3orNDt6WikU23mCLp8sHTDdboQfozerE6h37Y5BNY9wiUCTJ4BiDtcpeBrsdbwN5xSDMwMDNETyT89SRj,DxMJgeSVoe1cWo1NPExiAsmn83N3bADvkT86dSP1k7WE,9RXvtAW3kZM,Unclassified
2022-03-17T22:15:56Z,63fJ8FdawC9WKt2V67LFTJufgkp3efmHBMFeVXGvNsJz9gEeBjtgpWwHLtuz1sQd2Wjr7cgXou1YtXLqqPgHBewa,DxMJgeSVoe1cWo1NPExiAsmn83N3bADvkT86dSP1k7WE,QWjEtL41axWJwD8C1JeL8vt6n9e6HFDAUW,Unclassified
2022-03-17T22:16:05Z,5PRs9syUzYxidumWE2KAh5uyuceieBcQ6nqAAZq6wn5mvKtSBnRFLTmVWYK118QRN5jjpes3HLeTUvuW6Zbturgz,DxMJgeSVoe1cWo1NPExiAsmn83N3bADvkT86dSP1k7WE,BPUqXCTy4Nf,Unclassified
2022-03-17T22:17:22Z,3ZDGF2dFygqaV9M4PBaTnAzhNXbsYKa3cuL7KBHS8gA1nATzbPZ3jQVHYVvuvn9YGcBk2sDErjE4iFwbX7cBnTQV,BDJdTjsDnVbbWgfw2GqRpueX5xQDdPwJYLkCMUCGLeAe,WuE7HjnsyeaogPGhwdq3Mq,Deposit
2022-03-17T22:17:35Z,2ycqcVrtCddAgSzYuhssDyp5oNfJ7Dm5wTFe3cmqkopH9AZ5UXs8fQuo2abXWF1H3MxMgNDNquQhMyN9LTX1xUXY,2gaCFRJMqq8ZSvkArknNLeTeoif2xLmcKt9BcLjTXh6B,WuE7Hjnsyeaof4jmbh7qaP,Deposit
2022-03-17T22:18:38Z,335QoecfrMrraRimpa4kjHwUL6PSmcjRAbPr3htqMkQ6Vg6PNYfmFkECGSaHJ3MwNUjitF6MsvbUzi8LxgB7gk9p,2UormwnGJWq7V3b649QL6mxYd1TpJmqnr86MuFd5AfdN,WuE7Hjnsyeb61miG93Noq1,Deposit
2022-03-17T22:21:04Z,5jLfP9Cay5W6bkiDN2b8aQRVNGTcaLqpagBbddWNQC7yRgkB1ZdfcyvPCrpc42fWEYQgorvmxmj3g9p8hSMLJxHS,2gaCFRJMqq8ZSvkArknNLeTeoif2xLmcKt9BcLjTXh6B,WuE7HjnsyeazHBPmzbfwtj,Deposit
2022-03-17T22:21:42Z,2RQXqzCpmiM3F4houobXRr6sjFqxHJAPXW8nv1uBjrYY7m7rtLuy4WyQXFfpuNesXZWKdsY8gwpC8E2sSgt7FQEf,DxMJgeSVoe1cWo1NPExiAsmn83N3bADvkT86dSP1k7WE,9RXvtAW3kZM,Unclassified
2022-03-17T22:21:49Z,4nYsVq4zgAEaSd5rLKQy2p35zWhiRtEctW4mGrLWikmX8BzVQWH8kxhnpJJdewt7oiaRKNZcBYdTH7sGXHmMJzMH,DxMJgeSVoe1cWo1NPExiAsmn83N3bADvkT86dSP1k7WE,QWjEtL41axXGTvWwWjgXkV8e4Nj5zBJMhx,Unclassified
2022-03-17T22:21:58Z,4VrUWhEATJUaLj9GorWqwoS31d8AijU61bQyUjk54QUsqNHnEwu2VtJyHmQWUhQXanALjoG8N9fpJyoQyhsiDzdh,DxMJgeSVoe1cWo1NPExiAsmn83N3bADvkT86dSP1k7WE,BPUqXCTy4Nf,Unclassified
2022-03-17T22:22:20Z,Wde88yN21C6pLaUAfAkcoRRWz5HSeqTE8dvSS4ugEBJGr8f3WmEvi7ChacjXMhT22exZ4mXSMt6sNVk5kcjmKsB,AQXmsfBXckTnNC2FUjCEeVVnjGHcbNFAQmAqkT8ZStq6,WuE7Hjnsyeaohi56mFMsFD,Deposit
2022-03-17T22:22:45Z,2h3wW5N238mgC2YcV2pezZvdH5wkkRht9ysLG4j2R7BnvCXRbWbcBwUgcX4zrBRHbpFnpxNNA9L1cZFSSen75Edm,2gaCFRJMqq8ZSvkArknNLeTeoif2xLmcKt9BcLjTXh6B,WuE7Hjnsyeaofx52pBTrSb,Deposit
2022-03-17T22:25:58Z,5dajvAUWHHmNc5foZMHRiZZAWZXKfJBk3Dftc1mhuGcGLSTS1RNUnnrEpkVuwHMwp96juFDByJvoNmgXSRBDDdt4,1Mrfsd5xD9PyGWjCBJtcrBPkDirxUdqSTpmAouPUNfc,dxUbSCWkfZH,CancelPendingWithdrawal
2022-03-17T22:28:14Z,dnqgZDvhNyopf2EujBRJTk82o6ujxTUsTZs9yuprayiKYjRmsMCc8qGZ8xqWxTDnyQs8fuXG69xNS2qc1SRi6BF,7NAYHTuXzQNqMpzHsnB8C5SzurkWsixU3xBDfRgFfDrb,WuE7HjnsyeaodMoFKXdTh9,Deposit
2022-03-17T22:28:14Z,dnqgZDvhNyopf2EujBRJTk82o6ujxTUsTZs9yuprayiKYjRmsMCc8qGZ8xqWxTDnyQs8fuXG69xNS2qc1SRi6BF,7NAYHTuXzQNqMpzHsnB8C5SzurkWsixU3xBDfRgFfDrb,YU8PpoqdnQP,Unclassified
2022-03-17T22:28:39Z,3Ma78Z1wRyDFgMTN7BMnmYGrZxm1nW2Z6QHAomJTDgekgZQUvyqVtKGuXv2bUrVYn7tp4RGMT28K1WTLft813mVG,DxMJgeSVoe1cWo1NPExiAsmn83N3bADvkT86dSP1k7WE,9RXvtAW3kZM,Unclassified
2022-03-17T22:28:44Z,4jW2XojWMx9zXk27kYEaS2Vn81wxaqSzmtGsxarXHgpc3KUdWbHGD5zuDYKaSxgQB34imQqkbA6ofQThpxQn9iMD,DxMJgeSVoe1cWo1NPExiAsmn83N3bADvkT86dSP1k7WE,QWjEtL41axWvn4hKoVn44NKtfEthJhyBKc,Unclassified
2022-03-17T22:28:53Z,5CDAm5T3pcR5Ve1dvVWa3MuHzriowc49iZVnVk6t3n35BfXQXPUeH2uZWa8rkD6hySHXCFBLbDeo7YRwrChkRzna,DxMJgeSVoe1cWo1NPExiAsmn83N3bADvkT86dSP1k7WE,BPUqXCTy4Nf,Unclassified
2022-03-17T22:29:19Z,2ytjcxc1tZW5EcJAYtVjHAk6WkPSBrSmksJpWYzFHdwR8FSKNUtiV1cW5y26dhGG82iKPJskqoPzDU5C5LFdnK43,CNtxpnHwxGAegwSVgrRVNfBrew5C11h7vvc2MSPtD1wT,WuE7HjnsyeaogPGhwdq3Mq,Deposit
2022-03-17T22:29:27Z,5LG6dGLotRP3MmqPUmS6rDfhpGvTAgmDSGFdSHv6U2E4rq5uzSoJBkjpvfCZ1z4VUR3RWAtcF5oGuYXpRYVuFfgb,55HALo7xwMgQsziPinNEZkoELuvGRz6VYFFv78xApf8,dxUbSCWkfZH,CancelPendingWithdrawal
2022-03-17T22:31:10Z,NLKwubYSVQ4GkSGaXBFxfHX6QsPovxzWM9AB9aEadT9nnNwWuXmZ1t5CZTXvDWVbhRdQPwfDPnw7mWmyhGMs69S,EWKdvtZhtSaTJt8P9XRc75qJb1TdF9FPwisXzZwLJ7HV,WuE7Hjnsyeaoh5hYdyU9Nf,Deposit
2022-03-17T22:33:09Z,4VrSKQJDpnpgsYcnvGZqfLEE4qTdvuVXyePPbo2MEqiq4yR3yz8oCRnVkaN1Eczqa8UZ2AhMSbpeJRGyF2B1gjxG,8Aub41vv431d7hh4P6pPpnegBRyQ8uBRo8RD4KaU7REU,WuE7HjnsyebWoGDizh9BE7,Deposit
2022-03-17T22:33:36Z,4mGHgfE5feRvpmNaymrujiZBaEhzG5amd5dk3WxQnhTt8cPhjPcq328o9PxP9PapmbZyqN2poh1okpqVvPgjYRSX,DxMJgeSVoe1cWo1NPExiAsmn83N3bADvkT86dSP1k7WE,9RXvtAW3kZM,Unclassified
2022-03-17T22:33:46Z,3Jt3Qtkuy9Y2dr2cr4orQFBPTEWvoKrZ9Q1JsNkUAw2qTTsK6WGizkymfr6nhKiqyGrXM8WPQ58ZyxeVpzjf7Xsg,DxMJgeSVoe1cWo1NPExiAsmn83N3bADvkT86dSP1k7WE,QWjEtL41axWhubuXk5o58bcPaoU6B6YwKi,Unclassified
2022-03-17T22:33:58Z,1ShmFtAJLFQbntnz7Ybn8V5UFJjK52NeExRLSEWTrA2W6wksaVub3x9TbBzxCUHxFXEHzhWfCUbybnwUSQ1VjtL,DxMJgeSVoe1cWo1NPExiAsmn83N3bADvkT86dSP1k7WE,BPUqXCTy4Nf,Unclassified
2022-03-17T22:39:00Z,2APcgdqnRARfU1TU6zUkfmKEK5v3uRe8sgFAbMwezjwnu662A4enqL8QAZGnKBxnWgaCUwakFVgoYopEPkVLwfg1,7CRTZakWxnH4vTruqnaVp76QtUQshCtA1cFWs4LVg7Hg,PcB3tF1KHa2KJxRAbpu1R1,Withdraw
2022-03-17T22:39:19Z,W9bQ3gJuQNnh1VSzZKm3fVuwjz6eKveSpVZ3kzaanDhf6obw7dWicRfgyMZuMhppgnAY9Yibg7vTA6qvJxu2cVv,3s5LmKwDScWRaFzpvzjXThiwvuY56Ms6FhABzcVGmNDu,WuE7HjnsyebKxjpnKTWWN3,Deposit
2022-03-17T22:41:19Z,2CKWbwXigAEaMHbjFippuUqsZebJwep8YqTDtzzCAi4eBx1MoUd1XYwyUhjYWgBZrevjFYHk7wiRAJidvVwHYF5A,7CRTZakWxnH4vTruqnaVp76QtUQshCtA1cFWs4LVg7Hg,PcB3tF1KHa2RKztsTWKUL7,Withdraw
2022-03-17T22:42:41Z,2xb3fkhzypBSZYT8XDu6UxpN6cpXTzybD8t5NdppccLcJ2yWJWzDKEDUYkWSBtRLEPGyxqmoUaQsYefMb64L7uRB,5KfRm2tAzQ4yFWKVvbWdtesvz4iuBfPxdJYwZB1yNJHP,WuE7Hjnsyeaofx52pBTrSb,Deposit
2022-03-17T22:42:41Z,2xb3fkhzypBSZYT8XDu6UxpN6cpXTzybD8t5NdppccLcJ2yWJWzDKEDUYkWSBtRLEPGyxqmoUaQsYefMb64L7uRB,5KfRm2tAzQ4yFWKVvbWdtesvz4iuBfPxdJYwZB1yNJHP,YU8PpoqdnQP,Unclassified
2022-03-17T22:43:58Z,4UUBYVZEcKKaYigyYrJVWNFsnm3Udd47pu3ZZ66qwn316bsfrtXk6grauEtiaj4TFveNH8FK2gdguL5g1CGBCWR9,5KfRm2tAzQ4yFWKVvbWdtesvz4iuBfPxdJYwZB1yNJHP,WuE7HjnsyeaogqQJ2fosJo,Deposit
2022-03-17T22:44:01Z,3susTXTgtD3KBXAvqCLfGCMajQEnTUThuz9XKmW2Rq4dPpLpiEFq62sMdqHJLuKeZDEDS2VhVkqaQY8RsDo3npGW,DxMJgeSVoe1cWo1NPExiAsmn83N3bADvkT86dSP1k7WE,9RXvtAW3kZM,Unclassified
2022-03-17T22:44:07Z,5gHVnoZdGHBxTnxq9ZXyBf1ZNbzkWac9u6Pi5xbKz4xoPKkQZqfNYGtFKyTPPKJ43Enoh6ibmJC6tn7oNpeMsU4Y,DxMJgeSVoe1cWo1NPExiAsmn83N3bADvkT86dSP1k7WE,QWjEtL41axWxy1KchB3vs2bzN1Cr1efcJy,Unclassified
2022-03-17T22:44:16Z,2qZWEPe6f8qjHUrm7rgUBWUR3LfsBgSgfsUKJUqWWSuLcKfda6jvttnBU11yMyg8insH7YePgJXcLUmrweZkaff1,DxMJgeSVoe1cWo1NPExiAsmn83N3bADvkT86dSP1k7WE,BPUqXCTy4Nf,Unclassified
2022-03-17T22:47:38Z,2WCP74CfbKefNmbCBUH2UmSZaDGkrZRxLqVuAFJqn4i19tYsrFzmJqBntUW7NZLcQbk3kxGyCf4XLznLPmBvv6sb,5KfRm2tAzQ4yFWKVvbWdtesvz4iuBfPxdJYwZB1yNJHP,WuE7Hjnsyeaofx52pBTrSb,Deposit
2022-03-17T22:51:29Z,32udPCzXk4FxTgA9wj35G2v6V9LhT2EFXQfKZQ6H2jXmKXhszCwp3Hhu5rC6PqnRumx4FPFTWfpS92JDoppJAXFG,DxMJgeSVoe1cWo1NPExiAsmn83N3bADvkT86dSP1k7WE,9RXvtAW3kZM,Unclassified
2022-03-17T22:51:35Z,5umrPyJUNoA2VcJYfmtjVy7aSm5yrfNGGWJr6tUwaLGDMK9rGrJ5qtHc4m3AovGxRgwyaFqbzdXu43f9U2vjtsGe,DxMJgeSVoe1cWo1NPExiAsmn83N3bADvkT86dSP1k7WE,QWjEtL41axWoVsX6WDXDtJ8SUJ9w7nh5cp,Unclassified
2022-03-17T22:51:42Z,28SouEpsyqsi3u6Mmy1XRbjCEaab4M6YtofuEK1c85CDZvorjYSkjMJZaAmmqoc2LmvoE8gQ5ju1RwSk4AvnJ2jG,5KfRm2tAzQ4yFWKVvbWdtesvz4iuBfPxdJYwZB1yNJHP,WuE7HjnsyeaogqQJ2fosJo,Deposit
2022-03-17T22:51:44Z,39pyLtZw7SQjS77EiQEv3rM2MAstfJFoCNnmnJK2xvDRvEGHRwvRwz6m3y6ViKJyrfkVaFocs4HnX7qvChgnb3Wu,DxMJgeSVoe1cWo1NPExiAsmn83N3bADvkT86dSP1k7WE,BPUqXCTy4Nf,Unclassified
2022-03-17T22:53:26Z,4yXeACmRUkjX73ynLDiXV3qAwygsevfShKmVuSMkt8r6nuoYr2n4ZnLYuis4yEDqieki2auLyx96RErCoNSvaR6f,6gqUqD1dtzAnJsL2tMN9zQgF7QgNMhActEFwM1Nw9LML,WuE7HjnsyeasGKS5TSckYf,Deposit
2022-03-17T22:54:47Z,4q4FWUBhq3z9JvuxMMqhtHiTTNx2K6S5u2u87zS6h6NgADM62h89Vvm11f8y98LxMSufXdLG63hcA532XrbzY9JX,DxMJgeSVoe1cWo1NPExiAsmn83N3bADvkT86dSP1k7WE,9RXvtAW3kZM,Unclassified
2022-03-17T22:55:26Z,5WHDTHKeTArZJwMHpwur7xQeVUqUoqXTsanR6phERQ5GKQ78panoJepMDqxamcZb2wgKbgkPBaX5R4CxQ4QXKwU9,DxMJgeSVoe1cWo1NPExiAsmn83N3bADvkT86dSP1k7WE,QWjEtL41axXFvK2GYzGwfBheDdeLk9QzN2,Unclassified
2022-03-17T22:55:36Z,2kWNFw7M1XBwmAxLRFinBnVPssRN9qqDPj8yqcxAbmUpTMVTDDorzBDU5bS1hQtLL3QpQLZCYfoBYDf8wjKfxv4h,DxMJgeSVoe1cWo1NPExiAsmn83N3bADvkT86dSP1k7WE,BPUqXCTy4Nf,Unclassified
2022-03-17T22:58:36Z,2dD9PhXdEUTP6wJcr5XSauMUTKXA6ietgUvGa3UCJ3BjKFnpSszUY3RQQeakeEScxLDpxBypJZjM1FSDGxXCuFYv,DxMJgeSVoe1cWo1NPExiAsmn83N3bADvkT86dSP1k7WE,9RXvtAW3kZM,Unclassified
2022-03-17T22:58:42Z,2gndTTZh8SdgjmwNmGDJiLTaiarxtciGwwVg5gxMSeaRyuJCHDvaVG4KPtPNNrtL7Ztgs5mcwH1f4BXvAoTTVug,DxMJgeSVoe1cWo1NPExiAsmn83N3bADvkT86dSP1k7WE,QWjEtL41axXfMkSZ9Lg6hUNYwXAC5kHZ3S,Unclassified
2022-03-17T22:58:52Z,2xMGr2MrWHtfcHm61sLMFHGLeApCLWWFDm7mAZGxj7ZZJcx5uByrxtaHhKacFFuxArY9NccMGQZ3sC4ZWECRbJYu,DxMJgeSVoe1cWo1NPExiAsmn83N3bADvkT86dSP1k7WE,BPUqXCTy4Nf,Unclassified
2022-03-17T23:01:28Z,4Rye8WuiySNwzwraUGH1NYQkEELnqwFjSq8Mnxk6XXa95wBxjmx4Q9ySQ8GFB3GDqxNUeNpQicSSrSxw6RSRsEWr,Da2DghkgoBxxHVMmdMhejf7zYaSrWa2gPNReSKvBjFDv,WuE7HjnsyeaohSi2FGR6md,Deposit
2022-03-17T23:01:28Z,4Rye8WuiySNwzwraUGH1NYQkEELnqwFjSq8Mnxk6XXa95wBxjmx4Q9ySQ8GFB3GDqxNUeNpQicSSrSxw6RSRsEWr,Da2DghkgoBxxHVMmdMhejf7zYaSrWa2gPNReSKvBjFDv,YU8PpoqdnQP,Unclassified
2022-03-17T23:02:25Z,kTNJZKpa3oECYzV3gfBQSMhTjuJ31YuNcvMd31eocTwMvaAgSh395yEbcNRVF9fsdTCGUbD87NXHtNgHAVZ3ntQ,DxMJgeSVoe1cWo1NPExiAsmn83N3bADvkT86dSP1k7WE,9RXvtAW3kZM,Unclassified
2022-03-17T23:02:30Z,4iubGktqunNuvxSyG8VgKyDeYrhMdavxPUEW1hNPaPpUUH2wvAECJmzLMH1VZRoQ71xGMxUy71DhUk4NqMc7gjDL,DxMJgeSVoe1cWo1NPExiAsmn83N3bADvkT86dSP1k7WE,QWjEtL41axWX2MHgVrSUn9AwK1udf2P8tu,Unclassified
2022-03-17T23:02:38Z,X6qU6pif1qZnkcdGEsbxcre1KqDPeM5gfitwc1Mi7vvbRmSN7ripEQDwEFXYKVsfhKF6tY34eGGUoiMFMx32JE8,DxMJgeSVoe1cWo1NPExiAsmn83N3bADvkT86dSP1k7WE,BPUqXCTy4Nf,Unclassified
2022-03-17T23:02:49Z,3QJDGHf6gfAG1N8LwFokrrFyeHf55hvzVZHMTZSmm9AZZVkwaehnCWt5RR2miuuqaedg2GXSkk3Gqs5wb7CgPTcs,Da2DghkgoBxxHVMmdMhejf7zYaSrWa2gPNReSKvBjFDv,WuE7HjnsyebB3drB6sYNXh,Deposit
2022-03-17T23:04:31Z,2xBHRVE5PP6spvhzEyPhqzKS84Q6G5ftVa2WnKX7QXKZf7aAoic9FfEoaR7STMRp4H7YeTCnguPViNT3EtHmYvMs,F4bQN5RgTr5o2emKYHLTdYGYb7J4ydKtJChPHFX9sS9q,WuE7HjnsyeaofRMNfNApjh,Deposit
2022-03-17T23:04:55Z,48y1thXhjukbWWqxM4BGVD43fXvdcwGpVGkzRQJCUfmVZhrx6ztf2buns56ZBW5hGXJpxKHQT6m2oTsJghVPe9HZ,B1ogazkAEBbncBFcz6f5vdLbUJVcUhHHT7CmnK7d5XEb,WuE7HjnsyebAyWaimkDXXm,Deposit
2022-03-17T23:04:55Z,48y1thXhjukbWWqxM4BGVD43fXvdcwGpVGkzRQJCUfmVZhrx6ztf2buns56ZBW5hGXJpxKHQT6m2oTsJghVPe9HZ,B1ogazkAEBbncBFcz6f5vdLbUJVcUhHHT7CmnK7d5XEb,YU8PpoqdnQP,Unclassified
2022-03-17T23:05:29Z,RoAgXz7hfHN8vyFNFWe5DWqx7yqLyDNX2oXVsr5EG1mC157oGKtsnWzMK9Pz5LJrCoHQncuRfKkMtrPVptDGURP,6NUVLNK88mADcbXreVFNqyroR91yP1MGqzr6HSR1piuG,WuE7HjnsyebVqS95yiQLKR,Deposit
2022-03-17T23:05:29Z,RoAgXz7hfHN8vyFNFWe5DWqx7yqLyDNX2oXVsr5EG1mC157oGKtsnWzMK9Pz5LJrCoHQncuRfKkMtrPVptDGURP,6NUVLNK88mADcbXreVFNqyroR91yP1MGqzr6HSR1piuG,YU8PpoqdnQP,Unclassified
2022-03-17T23:06:55Z,2x2q33Axq1b7pPhwTFVz93oFhrDGSjpW17h68QNXeUnEgMaUS37f1goYfe4REnFEw2YYbh1NhL5BBkq5qgYNejJN,DxMJgeSVoe1cWo1NPExiAsmn83N3bADvkT86dSP1k7WE,9RXvtAW3kZM,Unclassified
2022-03-17T23:07:03Z,2B9BkqgCeMicZrTSGLZozUmpJH5LwkxeLMVa5c1PxeUHQSuiiB9gjbzozpm6x3WRJAasaSaqjau6pEB85VCiYhKD,DxMJgeSVoe1cWo1NPExiAsmn83N3bADvkT86dSP1k7WE,QWjEtL41axWAd8AiAN6oKw12qEGvuTs9mx,Unclassified
2022-03-17T23:07:11Z,4vG9Ctv3LXsDujdNmmaRcBExkAagsxFP4qhL3hVSe6X2NT2E7cshXjF3BJioDAnaiucUN5XLACPmv8qv2ujTMjex,DxMJgeSVoe1cWo1NPExiAsmn83N3bADvkT86dSP1k7WE,BPUqXCTy4Nf,Unclassified
2022-03-17T23:11:17Z,2yLouv9z9fTDp2Nc6vxLq49hoyeBXj59yfXitc3yebFhfrNHiP2KNjkEULytCxSAraknCR35riQwkbnfULHv7X6f,DxMJgeSVoe1cWo1NPExiAsmn83N3bADvkT86dSP1k7WE,9RXvtAW3kZM,Unclassified
2022-03-17T23:12:02Z,4LtAZQmW8kpC2xwqt4SGBN8vRtomdevfaxBTuSANhrb5zrHm59zkoB6pT2T1azKgvGRGbpSqdKCxSACPLS5f7jW3,DxMJgeSVoe1cWo1NPExiAsmn83N3bADvkT86dSP1k7WE,QWjEtL41axWinMVk8h1Mq2Zu116i7aubxE,Unclassified
2022-03-17T23:12:13Z,2zQJv2cUZ5YS73d6wo5WZp9Ct6fzpHCiSidRhUieXRX6JJD18gZ6ezZ32Ni2tGwsdyfg6hFywGTSwGVzQ3YpsRC9,DxMJgeSVoe1cWo1NPExiAsmn83N3bADvkT86dSP1k7WE,BPUqXCTy4Nf,Unclassified
2022-03-17T23:16:38Z,4Ac8BLFdZtGCgc8JbwpY1NewsZNWohm432uz2c5bFc7c9bFYv9Sdwopoh51DCFeYPLTbachJ7WuuFhdGehKPjpi,2gaCFRJMqq8ZSvkArknNLeTeoif2xLmcKt9BcLjTXh6B,WuE7HjnsyebB3sUsv8KuUs,Deposit
2022-03-17T23:19:26Z,QukFP1ZN3A961opxB9CF2qv7GZ9apJCjdQYhjPiTNxrak1FEYFWEU3uZFfdNvhqCTJu5K8vj9CkhTbhNCK8aimv,54XhyQfijwiG9S3jroV45c3P5aMb3xwKNdx9XiWVrLM4,WuE7HjnsyebQjbKmHAZKyy,Deposit
2022-03-17T23:19:41Z,ge2WxBbe5mD8QVdmtGAPhgSoP7pWxu4sSHTcSbUhPnW6ZAyGj83sEt1mY6MHUcicMhKSBouBhq7Kn2FvF6GzHSg,AT4qoJDVGXpEm3BGACUhC1zpVNLq4iX2bJ4cpABehpoD,PcB3tF1KHa2BxA7jNquhMR,Withdraw
2022-03-17T23:19:41Z,ge2WxBbe5mD8QVdmtGAPhgSoP7pWxu4sSHTcSbUhPnW6ZAyGj83sEt1mY6MHUcicMhKSBouBhq7Kn2FvF6GzHSg,AT4qoJDVGXpEm3BGACUhC1zpVNLq4iX2bJ4cpABehpoD,YU8PpoqdnQP,Unclassified
2022-03-17T23:21:00Z,54NQyiUfnJQEgiaTsPLziuKSpeDSJtrsfdeZSRVazSUTMUjhsKAKQahrrfM7K3pPqBtDAg7KpRsStoZWXbpEq6YV,AT4qoJDVGXpEm3BGACUhC1zpVNLq4iX2bJ4cpABehpoD,WuE7HjnsyeaoguzN6T854j,Deposit
2022-03-17T23:32:03Z,fYVnATWfXi5r16jP1VPgSd7ppUoZKkrSgKEDEo8FJ4WhZhs3YPET5AbjfPXHoKqzJnfXKoNJ5CG2ZZknsarFjUV,AT4qoJDVGXpEm3BGACUhC1zpVNLq4iX2bJ4cpABehpoD,WuE7HjnsyeaoguzN6T854j,Deposit
2022-03-17T23:34:48Z,3bMm4ADnzgRmJfKzbEuRRPjxvuuqSUZmAsQzKy9f9K61goADb5Dh6k2ZRp7ZJR2CUqCTigyL3RHaY6FzagzvvkM1,mmGdMwUaNpo3dLyc96vaMRLwiPU6djAA2ATynmrHGM6,WuE7Hjnsyeb144NZtbsbNf,Deposit
2022-03-17T23:37:29Z,2Wv3Crz8fXwFS6uGrujx3iiiJ1cgaLpZy4TBh3p6FJ4MZK9kbnRGhqcmD2tEqi8voVHeomhaYga5J3yT7oWRMkpJ,AT4qoJDVGXpEm3BGACUhC1zpVNLq4iX2bJ4cpABehpoD,WuE7HjnsyebP3txVwQepDu,Deposit
2022-03-17T23:42:37Z,66RUEry7Sh7Esm9rVySCesBR9XpLZY9FWzVi5ghNEAxPuJWKAsce3bPRBZoXBNS5nKwah4ZVKVqQ1oPbiMWBKP9N,tD5cbD1CbF1yPkg5vSEAgY65K9HZBuSWhaXM74k6NMQ,WuE7Hjnsyeb7uK7WUmqbyh,Deposit
2022-03-17T23:49:58Z,36DqYjEZVwoWy9wrQfYWPLgLrP8qaatgADwY9J4kWkS2KD91E9yB2NhXhsUW9QGofVhhaubJDsLuyRY2f9kwiemm,tD5cbD1CbF1yPkg5vSEAgY65K9HZBuSWhaXM74k6NMQ,WuE7Hjnsyeb3njgt2bAZAF,Deposit
2022-03-17T23:49:58Z,36DqYjEZVwoWy9wrQfYWPLgLrP8qaatgADwY9J4kWkS2KD91E9yB2NhXhsUW9QGofVhhaubJDsLuyRY2f9kwiemm,tD5cbD1CbF1yPkg5vSEAgY65K9HZBuSWhaXM74k6NMQ,YU8PpoqdnQP,Unclassified
2022-03-17T23:57:06Z,4vKZi43toXc9bUHBLJUkSANByHyZoh9T2D6iEnskFeYF2g8UrsoU9343hUdYTKyRN8Ygn75468pYTUx5cgvxidHe,GEAuYyk6eLynGGv7DrJUn8PRtoiBxyWrPQ5PFCTYF5Pz,PcB3tF1KHa1u3QphCzxxSK,Withdraw
2022-03-17T23:59:28Z,3GYucR7sEa6QALAQDLRv6PR4869CPcKEQztLGvrEZWWycCszWLkBHZmTLpkDhYErDt6JBz9N6jKaoTFSqDNGv4rp,9LheHg3My7joaxhSQHc5f3r1qzpbEsjUD25sU5tNLfM6,WuE7HjnsyebAUVdyLxGzs1,Deposit
